date_ny,S_open,S_close,call_ticker,put_ticker,strike_call,strike_put,expiry,days_to_exp,call_vol,put_vol,total_vol,call_price,put_price,call_iv,put_iv,avg_iv,call_vega,put_vega,avg_vega
2024-06-12,123.06,125.2,O:NVDA240614C00125000,O:NVDA240614P00125000,125.0,125.0,2024-06-14,2,222925,120266,343191,1.91,1.64,0.489490272140503,0.470520176577568,0.4800052243590355,0.0369013104332465,0.0368988160584006,0.0369000632458236
2024-06-13,129.39,129.61,O:NVDA240614C00129500,O:NVDA240614P00129500,129.5,129.5,2024-06-14,1,69487,26061,95548,1.24,1.35,0.4377360921859742,0.5191108858585358,0.478423489022255,0.0270328030235557,0.0270374457104589,0.0270351243670073
2024-06-14,129.96,131.88,O:NVDA240621C00132000,O:NVDA240621P00101000,132.0,101.0,2024-06-21,7,110216,828,111044,3.1,0.06,0.4335240915536881,0.8603294271469116,0.6469267593502999,0.0728523529411261,0.0051893557416578,0.039020854341392
2024-06-17,132.99,130.98,O:NVDA240621C00131000,O:NVDA240621P00131000,131.0,131.0,2024-06-21,4,110571,81988,192559,2.32,2.15,0.4259490705490112,0.3912095421552658,0.4085793063521385,0.054691682702041,0.0546937500803562,0.0546927163911986
2024-06-18,131.14,135.58,O:NVDA240621C00136000,O:NVDA240621P00136000,136.0,136.0,2024-06-21,3,176607,66553,243160,1.68,1.97,0.3833330509066581,0.3567464508891106,0.3700397508978844,0.0489109310776045,0.0488819795187589,0.0488964552981817
2024-06-20,139.8,130.78,O:NVDA240621C00131000,O:NVDA240621P00131000,131.0,131.0,2024-06-21,1,75450,133885,209335,1.79,1.89,0.6944542764186858,0.6504925479650498,0.6724734121918678,0.0272981946724898,0.0272946697457219,0.0272964322091059
2024-06-21,127.12,126.57,O:NVDA240628C00127000,O:NVDA240628P00127000,127.0,127.0,2024-06-28,7,69886,69956,139842,3.9,4.0,0.5871262205719949,0.5399334320306779,0.5635298263013364,0.0699267252833455,0.0699245424046152,0.0699256338439804
2024-06-24,123.24,118.11,O:NVDA240628C00118000,O:NVDA240628P00118000,118.0,118.0,2024-06-28,4,26837,101900,128737,3.6,3.39,0.7191301344275474,0.6988322108507157,0.7089811726391315,0.0492648357002162,0.0492665557052808,0.0492656957027485
2024-06-25,121.2,126.09,O:NVDA240628C00126000,O:NVDA240628P00126000,126.0,126.0,2024-06-28,3,129613,24880,154493,2.84,2.56,0.6131291913628578,0.5714329599380493,0.5922810756504535,0.0455665648015904,0.0455683084634674,0.0455674366325289
2024-06-26,126.13,126.4,O:NVDA240628C00126000,O:NVDA240628P00126000,126.0,126.0,2024-06-28,2,130602,46775,177377,2.6,2.13,0.64261641433239,0.6237850737571715,0.6332007440447808,0.0371749605894841,0.0371705102491916,0.0371727354193379
2024-06-27,124.1,123.99,O:NVDA240628C00124000,O:NVDA240628P00124000,124.0,124.0,2024-06-28,1,175555,103475,279030,1.43,1.4,0.5542395004034042,0.5387890609979631,0.5465142807006836,0.0258893079000498,0.0258894518109419,0.0258893798554959
2024-06-28,124.58,123.54,O:NVDA240705C00124000,O:NVDA240705P00124000,124.0,124.0,2024-07-05,7,46121,40898,87019,2.7,3.03,0.4277099714756012,0.4086513659656047,0.418180668720603,0.0682153160887,0.0682051057135636,0.0682102109011318
2024-07-01,123.47,124.3,O:NVDA240705C00124000,O:NVDA240705P00124000,124.0,124.0,2024-07-05,4,150584,63996,214580,2.36,1.95,0.4256472426891327,0.4043941269159317,0.4150206848025322,0.0517599250208924,0.0517529660040204,0.0517564455124564
2024-07-02,121.13,122.67,O:NVDA240705C00123000,O:NVDA240705P00123000,123.0,123.0,2024-07-05,3,138784,50572,189356,1.45,1.73,0.3623234715938568,0.3510285295009613,0.356676000547409,0.0442725890903918,0.0442632744320328,0.0442679317612123
2024-07-03,121.66,128.28,O:NVDA240705C00128000,O:NVDA240705P00128000,128.0,128.0,2024-07-05,2,136242,26268,162510,1.49,1.21,0.3555409275293351,0.3555409275293351,0.3555409275293351,0.0377075761622505,0.0377075761622505,0.0377075761622505
2024-07-05,127.38,125.83,O:NVDA240712C00126000,O:NVDA240712P00126000,126.0,126.0,2024-07-12,7,23224,29755,52979,3.05,3.05,0.4506260014057159,0.4261711500525474,0.4383985757291317,0.0695147511610737,0.0695164037216556,0.0695155774413647
2024-07-08,127.49,128.2,O:NVDA240712C00128000,O:NVDA240712P00128000,128.0,128.0,2024-07-12,4,154147,84016,238163,2.73,2.4,0.4914292658090592,0.4671099509000778,0.4792696083545685,0.0534563069766559,0.0534553839453895,0.0534558454610227
2024-07-09,130.35,131.38,O:NVDA240712C00131000,O:NVDA240712P00131000,131.0,131.0,2024-07-12,3,126139,85847,211986,2.56,2.04,0.4985050549507141,0.4689280703783035,0.4837165626645088,0.047339283392415,0.0473280245807169,0.047333653986566
2024-07-10,134.03,134.91,O:NVDA240712C00135000,O:NVDA240712P00135000,135.0,135.0,2024-07-12,2,280162,48934,329096,1.74,1.75,0.4478190738320351,0.4277385807514191,0.4377788272917271,0.0398400658280679,0.0398397708496565,0.0398399183388622
2024-07-11,135.75,127.4,O:NVDA240712C00127000,O:NVDA240712P00127000,127.0,127.0,2024-07-12,1,40646,152373,193019,1.8,1.36,0.599394950890541,0.584255637359619,0.59182529412508,0.0264250130936575,0.026418207910175,0.0264216105019162
2024-07-12,128.26,129.24,O:NVDA240719C00129000,O:NVDA240719P00129000,129.0,129.0,2024-07-19,7,23969,26815,50784,3.7,3.29,0.5017749163687231,0.4779212174236774,0.4898480668962002,0.0712670009253092,0.0712683849039808,0.071267692914645
2024-07-15,130.56,128.44,O:NVDA240719C00128000,O:NVDA240719P00128000,128.0,128.0,2024-07-19,4,80112,54705,134817,3.24,2.67,0.5631001507401467,0.5387701073527336,0.5509351290464402,0.0534348059956669,0.0534284065922817,0.0534316062939743
2024-07-16,128.44,126.36,O:NVDA240719C00126000,O:NVDA240719P00126000,126.0,126.0,2024-07-19,3,130062,51274,181336,2.82,2.31,0.577690523791313,0.5447598168611527,0.5612251703262329,0.0455534243271446,0.0455467358560533,0.0455500800915989
2024-07-17,121.35,117.99,O:NVDA240719C00118000,O:NVDA240719P00118000,118.0,118.0,2024-07-19,2,81257,108777,190034,2.59,2.54,0.7448173303365706,0.7275916853666307,0.7362045078516006,0.0348318630910193,0.0348324662255889,0.0348321646583041
2024-07-18,121.85,121.09,O:NVDA240719C00121000,O:NVDA240719P00121000,121.0,121.0,2024-07-19,1,168269,59285,227554,1.81,1.5,0.6981820650577546,0.6111097341060638,0.6546458995819092,0.0252666736140275,0.0252660636815689,0.0252663686477982
2024-07-19,120.35,117.93,O:NVDA240726C00118000,O:NVDA240726P00118000,118.0,118.0,2024-07-26,7,17472,28916,46388,3.61,3.44,0.5594066932320594,0.5225543698191644,0.5409805315256119,0.0651219300256728,0.0651278760459326,0.0651249030358027
2024-07-22,120.35,123.54,O:NVDA240726C00124000,O:NVDA240726P00124000,124.0,124.0,2024-07-26,4,70572,22122,92694,2.54,2.77,0.5347762524485589,0.4901572258830071,0.512466739165783,0.0515562229847952,0.0515378303342093,0.0515470266595022
2024-07-23,122.78,122.59,O:NVDA240726C00123000,O:NVDA240726P00123000,123.0,123.0,2024-07-26,3,76323,64996,141319,2.18,2.48,0.5357990340590477,0.5109629641056062,0.5233809990823269,0.0442945494654826,0.044285314015895,0.0442899317406888
2024-07-24,119.17,114.25,O:NVDA240726C00114000,O:NVDA240726P00114000,114.0,114.0,2024-07-26,2,19848,52480,72328,2.35,2.12,0.6595945890665054,0.6655367356538773,0.6625656623601913,0.0336583362816279,0.0336587569674429,0.0336585466245354
2024-07-25,113.04,112.28,O:NVDA240726C00112000,O:NVDA240726P00112000,112.0,112.0,2024-07-26,1,101236,112117,213353,1.9,1.54,0.7501350794792174,0.7158926372528078,0.7330138583660126,0.0233647972007188,0.0233605717039443,0.0233626844523316
2024-07-26,116.19,113.06,O:NVDA240802C00113000,O:NVDA240802P00113000,113.0,113.0,2024-08-02,7,28836,27451,56287,3.71,3.45,0.5894578765511513,0.5574044015407562,0.5734311390459538,0.062392937985659,0.0623982805400952,0.0623956092628771
2024-07-29,113.69,111.59,O:NVDA240802C00112000,O:NVDA240802P00112000,112.0,112.0,2024-08-02,4,42155,61175,103330,3.17,3.4,0.7221888236284255,0.6835620098829271,0.7028754167556763,0.0466008680079394,0.0465979626376578,0.0465994153227986
2024-07-30,111.52,103.73,O:NVDA240802C00104000,O:NVDA240802P00104000,104.0,104.0,2024-08-02,3,39872,83884,123756,3.45,3.76,0.954190739250183,0.9648534163475038,0.9595220777988434,0.0375137763126202,0.0375133599609292,0.0375135681367747
2024-07-31,112.9,117.02,O:NVDA240802C00117000,O:NVDA240802P00117000,117.0,117.0,2024-08-02,2,95172,55178,150350,2.51,2.36,0.7235828105926514,0.685947308254242,0.7047650594234467,0.0345416957944252,0.0345429310426791,0.0345423134185521
2024-08-01,117.53,109.21,O:NVDA240802C00109000,O:NVDA240802P00109000,109.0,109.0,2024-08-02,1,62547,76176,138723,2.53,2.22,1.0638987292289732,1.0199620338916775,1.0419303815603254,0.0227604227725519,0.022759939920538,0.022760181346545
2024-08-02,103.76,107.27,O:NVDA240809C00107000,O:NVDA240809P00107000,107.0,107.0,2024-08-09,7,28014,30350,58364,4.85,4.5,0.7967918017148972,0.783252104318142,0.7900219530165196,0.0590839373339775,0.0590864301427865,0.059085183738382
2024-08-05,92.06,100.45,O:NVDA240809C00100000,O:NVDA240809P00100000,100.0,100.0,2024-08-09,4,95091,73750,168841,5.2,3.9,1.18856007244587,0.9849986379146576,1.0867793551802638,0.0417489353335385,0.0417618455028449,0.0417553904181917
2024-08-06,103.84,104.25,O:NVDA240809C00104000,O:NVDA240809P00104000,104.0,104.0,2024-08-09,3,53868,64913,118781,3.35,3.3,0.8561539033412933,0.9093271033763886,0.8827405033588409,0.0376135330298811,0.0376119483031486,0.0376127406665149
2024-08-07,107.81,98.91,O:NVDA240809C00099000,O:NVDA240809P00099000,99.0,99.0,2024-08-09,2,8492,50682,59174,2.7,2.7,0.9394555317401888,0.9086369045972824,0.9240462181687356,0.0292022728110517,0.0292032397380364,0.029202756274544
2024-08-08,102.0,104.97,O:NVDA240809C00105000,O:NVDA240809P00105000,105.0,105.0,2024-08-09,1,239204,67385,306589,1.8,1.63,0.8279616077184677,0.7367101768016816,0.7823358922600747,0.0219169179952281,0.0219178643448621,0.0219173911700451
2024-08-09,105.64,104.75,O:NVDA240816C00105000,O:NVDA240816P00105000,105.0,105.0,2024-08-16,7,63431,45018,108449,3.35,3.51,0.5996753217935562,0.584122604227066,0.5918989630103111,0.0578670049162821,0.0578682725847379,0.05786763875051
2024-08-12,106.32,109.02,O:NVDA240816C00109000,O:NVDA240816P00109000,109.0,109.0,2024-08-16,4,59876,66618,126494,3.1,2.9,0.6788729495763781,0.6393113277435303,0.6590921386599542,0.0454971652325065,0.0455003962145068,0.0454987807235066
2024-08-13,112.44,116.14,O:NVDA240816C00116000,O:NVDA240816P00116000,116.0,116.0,2024-08-16,3,55019,15305,70324,2.61,2.42,0.6049769782185555,0.5930594267606735,0.5990182024896145,0.0419542385154693,0.0419544421068417,0.0419543403111555
2024-08-14,118.53,118.08,O:NVDA240816C00118000,O:NVDA240816P00118000,118.0,118.0,2024-08-16,2,118871,39004,157875,2.01,1.89,0.5651103099822998,0.553630838060379,0.5593705740213395,0.0348462311588232,0.0348463460497871,0.0348462886043051
2024-08-15,118.76,122.86,O:NVDA240816C00123000,O:NVDA240816P00123000,123.0,123.0,2024-08-16,1,84374,40218,124592,1.21,1.34,0.4981803396701813,0.4942808953762054,0.4962306175231934,0.0256430883155031,0.0256427348958095,0.0256429116056563
2024-08-16,121.94,124.58,O:NVDA240823C00125000,O:NVDA240823P00125000,125.0,125.0,2024-08-23,7,141205,20565,161770,3.1,3.4,0.4795771580696106,0.4621390892267228,0.4708581236481667,0.0688168372880927,0.068812752062408,0.0688147946752504
2024-08-19,124.28,130.0,O:NVDA240823C00130000,O:NVDA240823P00130000,130.0,130.0,2024-08-23,4,236019,23784,259803,2.88,2.86,0.5305317087650299,0.5268464764237404,0.5286890925943851,0.0542712134343384,0.0542715031307068,0.0542713582825226
2024-08-20,128.4,127.25,O:NVDA240823C00127000,O:NVDA240823P00127000,127.0,127.0,2024-08-23,3,72527,107304,179831,2.79,2.44,0.5792786962151528,0.5575063220858574,0.5683925091505051,0.0459304608958326,0.045929064556491,0.0459297627261618
2024-08-21,127.315,128.5,O:NVDA240823C00129000,O:NVDA240823P00129000,129.0,129.0,2024-08-23,2,117590,27971,145561,1.89,2.41,0.5604305476903915,0.5657150385499001,0.5630727931201458,0.0378467598312638,0.0378496893400001,0.0378482245856319
2024-08-22,130.02,123.74,O:NVDA240823C00124000,O:NVDA240823P00124000,124.0,124.0,2024-08-23,1,51337,115863,167200,1.75,1.9,0.7257585460186006,0.6831550429344178,0.7044567944765092,0.025821903065116,0.0258173646812575,0.0258196338731867
2024-08-23,125.86,129.37,O:NVDA240830C00129000,O:NVDA240830P00129000,129.0,129.0,2024-08-30,7,23847,6494,30341,7.3,6.95,0.9974753219068052,1.0002849316000937,0.9988801267534492,0.0711860801143031,0.0711852081025164,0.0711856441084098
2024-08-26,129.57,126.46,O:NVDA240830C00126000,O:NVDA240830P00126000,126.0,126.0,2024-08-30,4,19586,21275,40861,7.35,6.77,1.3512692491889002,1.3284426232457165,1.339855936217308,0.0525684402911773,0.0525722406716642,0.0525703404814207
2024-08-27,125.05,128.3,O:NVDA240830C00128000,O:NVDA240830P00128000,128.0,128.0,2024-08-30,3,31804,21789,53593,7.07,6.65,1.4939301182866098,1.4679775713443757,1.4809538448154926,0.0462361723907784,0.0462395776538982,0.0462378750223383
2024-08-28,128.12,125.61,O:NVDA240830C00126000,O:NVDA240830P00126000,126.0,126.0,2024-08-30,2,47087,34629,81716,6.7,6.94,1.8569031529068944,1.8164242461681368,1.836663699537516,0.0370544084597239,0.0370577576812682,0.0370560830704961
2024-08-29,121.355,117.59,O:NVDA240830C00118000,O:NVDA240830P00118000,118.0,118.0,2024-08-30,1,45031,109264,154295,1.48,1.78,0.6818261420726778,0.6368709565162658,0.6593485492944717,0.0244768338018338,0.0244603222581509,0.0244685780299923
2024-08-30,119.53,119.37,O:NVDA240906C00119000,O:NVDA240906P00119000,119.0,119.0,2024-09-06,7,35676,28130,63806,3.05,2.57,0.4345890718460083,0.4178531819164753,0.4262211268812418,0.0657293490466098,0.0657244523254272,0.0657269006860185
2024-09-03,116.01,108.0,O:NVDA240906C00108000,O:NVDA240906P00108000,108.0,108.0,2024-09-06,3,22872,70292,93164,2.97,2.91,0.7604916373252868,0.7451220191240311,0.7528068282246589,0.0390382159222626,0.0390391440551299,0.0390386799886963
2024-09-04,105.41,106.21,O:NVDA240906C00106000,O:NVDA240906P00106000,106.0,106.0,2024-09-06,2,53054,82168,135222,2.6,2.29,0.795928516817093,0.7639819689750671,0.7799552428960801,0.0313026269898546,0.031302187475436,0.0313024072326453
2024-09-05,104.985,107.21,O:NVDA240906C00107000,O:NVDA240906P00107000,107.0,107.0,2024-09-06,1,76363,77222,153585,1.9,1.67,0.8017691004753114,0.792815112376213,0.7972921064257622,0.0223359059633566,0.0223354614415678,0.0223356837024622
2024-09-06,108.04,102.83,O:NVDA240913C00103000,O:NVDA240913P00103000,103.0,103.0,2024-09-13,7,33110,39261,72371,3.47,3.43,0.6253238951802254,0.5883499823451044,0.6068369387626649,0.0567943412196088,0.0567991116389541,0.0567967264292814
2024-09-09,104.88,106.47,O:NVDA240913C00106000,O:NVDA240913P00106000,106.0,106.0,2024-09-13,4,87681,40834,128515,2.98,2.4,0.6173637217998506,0.5924972544908522,0.6049304881453514,0.0442400760431179,0.0442330165213186,0.0442365462822183
2024-09-10,107.81,108.1,O:NVDA240913C00108000,O:NVDA240913P00108000,108.0,108.0,2024-09-13,3,88035,30402,118437,2.23,2.11,0.5578031433224679,0.552683155798912,0.55524314956069,0.0390604664394004,0.039060572851286,0.0390605196453432
2024-09-11,109.39,116.91,O:NVDA240913C00117000,O:NVDA240913P00117000,117.0,117.0,2024-09-13,2,78871,16471,95342,1.77,1.96,0.5254381848216056,0.5544029308915137,0.5399205578565597,0.0345247281178311,0.0345246761165697,0.0345247021172004
2024-09-12,116.84,119.14,O:NVDA240913C00119000,O:NVDA240913P00119000,119.0,119.0,2024-09-13,1,176984,120310,297294,1.47,1.2,0.5626413294792174,0.5103056659936904,0.5364734977364539,0.0248412074801574,0.0248374163549278,0.0248393119175426
2024-09-13,119.08,119.1,O:NVDA240920C00119000,O:NVDA240920P00119000,119.0,119.0,2024-09-20,7,35999,28338,64337,3.35,3.2,0.5017965521335603,0.4941893456935882,0.4979929489135742,0.0657276544829004,0.0657286993519303,0.0657281769174153
2024-09-16,116.79,116.78,O:NVDA240920C00117000,O:NVDA240920P00117000,117.0,117.0,2024-09-20,4,76115,33914,110029,2.72,2.86,0.5795265240669251,0.563123038160801,0.5713247811138631,0.0487710377859782,0.0487709027879004,0.0487709702869393
2024-09-17,118.17,115.59,O:NVDA240920C00116000,O:NVDA240920P00116000,116.0,116.0,2024-09-20,3,39667,41361,81028,2.37,2.75,0.6136788470745086,0.606497918844223,0.6100883829593657,0.0417797519215215,0.0417781126684032,0.0417789322949623
2024-09-18,115.89,113.37,O:NVDA240920C00113000,O:NVDA240920P00113000,113.0,113.0,2024-09-20,2,15188,39836,55024,2.2,1.83,0.6012767260074614,0.6012767260074614,0.6012767260074614,0.0333263700146175,0.0333263700146175,0.0333263700146175
2024-09-19,117.35,117.87,O:NVDA240920C00118000,O:NVDA240920P00118000,118.0,118.0,2024-09-20,1,121010,102792,223802,1.24,1.28,0.5295103576183319,0.4929305375576019,0.5112204475879669,0.0246048713767187,0.0246021913427162,0.0246035313597175
2024-09-20,117.06,116.0,O:NVDA240927C00116000,O:NVDA240927P00116000,116.0,116.0,2024-09-27,7,27206,30246,57452,2.85,2.68,0.4447775501966476,0.4182392283320427,0.4315083892643452,0.0640567177443143,0.064060234842471,0.0640584762933926
2024-09-23,116.55,116.26,O:NVDA240927C00116000,O:NVDA240927P00116000,116.0,116.0,2024-09-27,4,70885,66161,137046,2.37,2.02,0.4614088374614716,0.4428260399699211,0.4521174387156964,0.0484333603057192,0.0484300170613147,0.0484316886835169
2024-09-24,116.515,120.87,O:NVDA240927C00121000,O:NVDA240927P00121000,121.0,121.0,2024-09-27,3,157828,71586,229414,1.98,2.01,0.4674228648543358,0.4445476031422616,0.4559852339982987,0.0437158564665893,0.0437153086854121,0.0437155825760007
2024-09-25,122.02,123.51,O:NVDA240927C00124000,O:NVDA240927P00124000,124.0,124.0,2024-09-27,2,170186,81807,251993,1.6,2.0,0.5020239958763124,0.4772462173223495,0.4896351065993309,0.0363329329769777,0.0363115729824786,0.0363222529797282
2024-09-26,126.8,124.04,O:NVDA240927C00124000,O:NVDA240927P00124000,124.0,124.0,2024-09-27,1,150300,81446,231746,1.25,1.18,0.4749245745897293,0.463338533115387,0.4691315538525582,0.0258931718811378,0.0258931579212461,0.025893164901192
2024-09-27,123.97,121.4,O:NVDA241004C00121000,O:NVDA241004P00121000,121.0,121.0,2024-10-04,7,47856,31375,79231,3.2,2.76,0.447466285699606,0.4414810463905335,0.4444736660450697,0.0668328952361021,0.0668311601787929,0.0668320277074475
2024-09-30,118.31,121.44,O:NVDA241004C00121000,O:NVDA241004P00121000,121.0,121.0,2024-10-04,4,102847,33714,136561,2.62,2.08,0.4728489716291428,0.4530345448136329,0.4629417582213879,0.0504738648998294,0.05046300463412,0.0504684347669747
2024-10-01,121.765,117.0,O:NVDA241004C00117000,O:NVDA241004P00117000,117.0,117.0,2024-10-04,3,142265,82355,224620,2.15,2.14,0.5081206325531007,0.5057567911386491,0.5069387118458749,0.0423053138861322,0.0423054180549293,0.0423053659705307
2024-10-02,116.44,118.85,O:NVDA241004C00119000,O:NVDA241004P00119000,119.0,119.0,2024-10-04,2,82056,42551,124607,1.74,1.84,0.5165532166004182,0.5023057972431184,0.5094295069217682,0.0350942573236589,0.0350935077857247,0.0350938825546918
2024-10-03,120.92,122.85,O:NVDA241004C00123000,O:NVDA241004P00123000,123.0,123.0,2024-10-04,1,202785,82925,285710,1.27,1.44,0.5234816679716112,0.5312819870233536,0.5273818274974824,0.025640845435346,0.0256415143572205,0.0256411798962832
2024-10-04,124.94,124.92,O:NVDA241011C00125000,O:NVDA241011P00125000,125.0,125.0,2024-10-11,7,114055,31166,145221,2.83,2.85,0.4157491484880448,0.4070540743350982,0.4114016114115715,0.0690044096629156,0.0690054089544464,0.069004909308681
2024-10-07,124.99,127.72,O:NVDA241011C00128000,O:NVDA241011P00128000,128.0,128.0,2024-10-11,4,97251,77408,174659,2.65,2.76,0.522133455848694,0.4902591464281083,0.5061963011384012,0.053335617061677,0.0533322278285329,0.053333922445105
2024-10-08,130.26,132.89,O:NVDA241011C00133000,O:NVDA241011P00133000,133.0,133.0,2024-10-11,3,116992,39318,156310,2.4,2.4,0.5105338249683381,0.4876474771618844,0.4990906510651112,0.0480629630054542,0.0480633533082428,0.0480631581568485
2024-10-09,134.11,132.65,O:NVDA241011C00133000,O:NVDA241011P00133000,133.0,133.0,2024-10-11,2,155245,80049,235294,1.64,1.95,0.4613698573231698,0.4511395379066468,0.4562546976149083,0.0391022786989659,0.0390971905634229,0.0390997346311944
2024-10-10,131.91,134.81,O:NVDA241011C00135000,O:NVDA241011P00135000,135.0,135.0,2024-10-11,1,289868,86542,376410,1.2,1.3,0.4589262675523758,0.4269167793035507,0.4429215234279633,0.028119900332323,0.0281126547937017,0.0281162775630123
2024-10-11,134.01,134.8,O:NVDA241018C00135000,O:NVDA241018P00135000,135.0,135.0,2024-10-18,7,89353,53460,142813,2.66,2.78,0.3702121217846871,0.359469875138998,0.3648409984618425,0.0744732325159438,0.0744727430475071,0.0744729877817254
2024-10-14,136.47,138.07,O:NVDA241018C00138000,O:NVDA241018P00138000,138.0,138.0,2024-10-18,4,113560,65817,179377,2.69,2.4,0.4605741618394852,0.4223990170359611,0.4414865894377232,0.0576278759602393,0.0576299347606434,0.0576289053604413
2024-10-15,137.87,131.6,O:NVDA241018C00132000,O:NVDA241018P00132000,132.0,132.0,2024-10-18,3,109999,62817,172816,2.32,2.38,0.5276300129652025,0.4561211280584336,0.491875570511818,0.0475598923302082,0.0475309717996283,0.0475454320649183
2024-10-16,133.98,135.72,O:NVDA241018C00136000,O:NVDA241018P00136000,136.0,136.0,2024-10-18,2,115503,45929,161432,1.97,2.22,0.5252064496874811,0.5177168988943102,0.5214616742908956,0.0400569366232906,0.0400555107150352,0.0400562236691629
2024-10-17,139.34,136.93,O:NVDA241018C00137000,O:NVDA241018P00137000,137.0,137.0,2024-10-18,1,42524,94258,136782,1.27,1.27,0.4561926512479782,0.4317095482349397,0.4439510997414589,0.0285918851382318,0.0285913341062469,0.0285916096222393
2024-10-18,138.665,138.0,O:NVDA241025C00138000,O:NVDA241025P00138000,138.0,138.0,2024-10-25,7,47374,36976,84350,2.94,2.82,0.3856622035741806,0.369917446243763,0.3777898249089718,0.0762143744038289,0.0762165479781484,0.0762154611909887
2024-10-21,138.13,143.71,O:NVDA241025C00144000,O:NVDA241025P00144000,144.0,144.0,2024-10-25,4,68722,7851,76573,2.64,2.87,0.4632058575987816,0.4532072733163834,0.4582065654575825,0.0600088656482358,0.0600073054792163,0.0600080855637261
2024-10-22,142.91,143.59,O:NVDA241025C00144000,O:NVDA241025P00144000,144.0,144.0,2024-10-25,3,137232,42394,179626,2.16,2.5,0.4536825449109077,0.4401868342757226,0.4469346895933151,0.051871910237235,0.0518647938989677,0.0518683520681013
2024-10-23,142.03,139.56,O:NVDA241025C00140000,O:NVDA241025P00140000,140.0,140.0,2024-10-25,2,279700,148457,428157,1.81,2.21,0.4899644708871842,0.4802355290293694,0.4850999999582768,0.0411164885804038,0.0411104168242393,0.0411134527023216
2024-10-24,140.82,140.41,O:NVDA241025C00140000,O:NVDA241025P00140000,140.0,140.0,2024-10-25,1,228406,119202,347608,1.45,1.03,0.4215600500226021,0.4181137051343918,0.4198368775784969,0.0290192602237443,0.0290150708424607,0.0290171655331025
2024-10-25,140.93,141.54,O:NVDA241101C00142000,O:NVDA241101P00142000,142.0,142.0,2024-11-01,7,45060,30133,75193,3.25,3.65,0.4437578083217145,0.4360828336596489,0.4399203209906817,0.07817827004473,0.07817566619332,0.078176968119025
2024-10-28,143.0,140.52,O:NVDA241101C00141000,O:NVDA241101P00141000,141.0,141.0,2024-11-01,4,57861,62933,120794,2.84,3.2,0.5229870851159097,0.5025253734350206,0.5127562292754652,0.058649877928556,0.058642111104618,0.058645994516587
2024-10-29,140.285,141.25,O:NVDA241101C00141000,O:NVDA241101P00141000,141.0,141.0,2024-11-01,3,56878,41727,98605,2.98,2.58,0.5590612362265588,0.5296455364465713,0.544353386336565,0.0509944983018666,0.0509926203760228,0.0509935593389447
2024-10-30,139.54,139.335,O:NVDA241101C00139000,O:NVDA241101P00139000,139.0,139.0,2024-11-01,2,56012,77353,133365,2.62,2.2,0.5959117715597153,0.5751922187805176,0.5855519951701165,0.0410264427928071,0.0410226446194034,0.0410245437061053
2024-10-31,137.6,132.76,O:NVDA241101C00133000,O:NVDA241101P00133000,133.0,133.0,2024-11-01,1,85160,102073,187233,1.47,1.76,0.5720065759181977,0.5900597441911697,0.5810331600546836,0.0276939045695024,0.0276967420190872,0.0276953232942948
2024-11-01,134.7,135.4,O:NVDA241108C00135000,O:NVDA241108P00135000,135.0,135.0,2024-11-08,7,21161,40198,61359,4.07,3.5,0.5177801969170572,0.4949864716410637,0.5063833342790605,0.0745830382110201,0.0745811840397092,0.0745821111253647
2024-11-04,137.21,136.05,O:NVDA241108C00136000,O:NVDA241108P00136000,136.0,136.0,2024-11-08,4,12851,29807,42658,3.4,3.05,0.5941880626916887,0.5413545978069306,0.5677713302493097,0.056779913942709,0.0567843775888452,0.0567821457657771
2024-11-05,137.45,139.91,O:NVDA241108C00140000,O:NVDA241108P00140000,140.0,140.0,2024-11-08,3,113134,29555,142689,2.88,2.85,0.5778700469970702,0.5541536725759506,0.5660118597865105,0.0505977192729057,0.0505987816781769,0.0505982504755413
2024-11-06,142.96,145.61,O:NVDA241108C00146000,O:NVDA241108P00146000,146.0,146.0,2024-11-08,2,67526,31122,98648,1.77,2.08,0.4549517239093781,0.4363081317067148,0.4456299278080464,0.0429160009449413,0.0429046753236341,0.0429103381342877
2024-11-07,146.39,148.88,O:NVDA241108C00149000,O:NVDA241108P00149000,149.0,149.0,2024-11-08,1,94078,16807,110885,1.07,1.13,0.3630108094453812,0.343699905884266,0.3533553576648236,0.0310716927893341,0.031068611050768,0.031070151920051
2024-11-08,148.77,147.63,O:NVDA241115C00148000,O:NVDA241115P00148000,148.0,148.0,2024-11-15,7,46977,17358,64335,2.7,2.88,0.3528487946748734,0.3295434997856616,0.3411961472302675,0.0815326162508969,0.0815200599341012,0.0815263380924991
2024-11-11,148.68,145.26,O:NVDA241115C00145000,O:NVDA241115P00145000,145.0,145.0,2024-11-15,4,96802,74789,171591,2.6,2.17,0.407188716739416,0.3791085337162019,0.3931486252278089,0.0605436297895643,0.0605372469846417,0.060540438387103
2024-11-12,146.78,148.29,O:NVDA241115C00148000,O:NVDA241115P00148000,148.0,148.0,2024-11-15,3,199544,74301,273845,2.44,1.99,0.4278050973176956,0.3978976756095886,0.4128513864636421,0.0535027645642582,0.053493493412808,0.0534981289885331
2024-11-13,149.07,146.27,O:NVDA241115C00146000,O:NVDA241115P00146000,146.0,146.0,2024-11-15,2,46498,51936,98434,1.93,1.47,0.4152073603272438,0.3710864927768707,0.3931469265520573,0.0430721651568279,0.0430535862497638,0.0430628757032959
2024-11-14,147.64,146.76,O:NVDA241115C00147000,O:NVDA241115P00147000,147.0,147.0,2024-11-15,1,186872,110917,297789,1.04,1.13,0.3769227850437164,0.3278214001893997,0.3523720926165581,0.0305643753735602,0.0305310020982456,0.0305476887359029
2024-11-15,144.87,141.98,O:NVDA241122C00142000,O:NVDA241122P00142000,142.0,142.0,2024-11-22,7,24551,9999,34550,6.95,7.0,0.8877936167001725,0.891625113964081,0.8897093653321267,0.0782977968050475,0.0782965175466307,0.0782971571758391
2024-11-18,139.5,140.15,O:NVDA241122C00140000,O:NVDA241122P00140000,140.0,140.0,2024-11-22,4,76880,30408,107288,6.4,6.23,1.0817299968063834,1.0783056452989577,1.0800178210526703,0.0584034679169136,0.0584040430806394,0.0584037554987765
2024-11-19,141.32,147.01,O:NVDA241122C00147000,O:NVDA241122P00147000,147.0,147.0,2024-11-22,3,16135,4648,20783,6.04,6.0,1.1355663956165314,1.1299167788743971,1.1327415872454645,0.0530983348050068,0.0530990329244027,0.0530986838647047
2024-11-20,147.41,145.89,O:NVDA241122C00146000,O:NVDA241122P00146000,146.0,146.0,2024-11-22,2,35302,12112,47414,6.3,6.35,1.4752074929594994,1.4612651200056077,1.4682363064825537,0.0430338427884982,0.0430350299082582,0.0430344363483782
2024-11-21,149.35,146.67,O:NVDA241122C00147000,O:NVDA241122P00147000,147.0,147.0,2024-11-22,1,112343,69745,182088,1.47,1.73,0.5315262387156485,0.5086162882566452,0.5200712634861469,0.0305586340239047,0.0305497002683998,0.0305541671461522
2024-11-22,145.93,141.95,O:NVDA241129C00142000,O:NVDA241129P00142000,142.0,142.0,2024-11-29,7,43561,23577,67138,2.73,2.66,0.3512599070191383,0.3359564477682114,0.3436081773936749,0.0784123890108861,0.0784141744423144,0.0784132817266003
2024-11-25,141.99,136.02,O:NVDA241129C00136000,O:NVDA241129P00136000,136.0,136.0,2024-11-29,4,40230,46996,87226,2.32,2.22,0.4067032530903816,0.3926160456776619,0.3996596493840217,0.0567889022233674,0.0567897534506555,0.0567893278370115
2024-11-26,137.7,136.92,O:NVDA241129C00137000,O:NVDA241129P00137000,137.0,137.0,2024-11-29,3,100240,65337,165577,1.59,1.6,0.3290051089763641,0.314869265794754,0.3219371873855591,0.0495206591961596,0.0495202505478284,0.049520454871994
2024-11-27,135.01,135.34,O:NVDA241129C00135000,O:NVDA241129P00135000,135.0,135.0,2024-11-29,2,228429,81016,309445,1.15,0.7,0.2431415199279785,0.2152778733611107,0.2292096966445446,0.0395275357259545,0.0394216304002437,0.0394745830630991
2024-11-29,136.78,138.25,O:NVDA241206C00138000,O:NVDA241206P00138000,138.0,138.0,2024-12-06,7,28327,40235,68562,2.85,2.45,0.3568902125000953,0.3372141830563545,0.3470521977782249,0.0762361477154918,0.0762325041290347,0.0762343259222633
2024-12-02,138.83,138.63,O:NVDA241206C00139000,O:NVDA241206P00139000,139.0,139.0,2024-12-06,4,71394,44554,115948,2.1,2.4,0.3933493371784687,0.3812463618516922,0.3872978495150805,0.0578399301124667,0.0578328577732127,0.0578363939428397
2024-12-03,138.26,140.26,O:NVDA241206C00140000,O:NVDA241206P00140000,140.0,140.0,2024-12-06,3,242648,29203,271851,2.01,1.7,0.3703912873744964,0.3605089282751083,0.3654501078248023,0.0505977284912037,0.0505938115036109,0.0505957699974073
2024-12-04,141.995,145.14,O:NVDA241206C00145000,O:NVDA241206P00145000,145.0,145.0,2024-12-06,2,248031,50616,298647,1.49,1.36,0.3312123146057129,0.3335486195921898,0.3323804670989513,0.0428042726560784,0.0428046900221414,0.0428044813391099
2024-12-05,145.11,145.06,O:NVDA241206C00145000,O:NVDA241206P00145000,145.0,145.0,2024-12-06,1,172407,81093,253500,1.1,0.98,0.3532318013548852,0.3334137983798981,0.3433227998673916,0.0302756999493168,0.0302749132620336,0.0302753066056752
2024-12-06,144.6,142.44,O:NVDA241213C00142000,O:NVDA241213P00142000,142.0,142.0,2024-12-13,7,33682,29612,63294,2.92,2.32,0.3429346077561379,0.3225197437644005,0.3327271757602692,0.0783842549991075,0.0783650876922738,0.0783746713456907
2024-12-09,138.97,138.81,O:NVDA241213C00139000,O:NVDA241213P00139000,139.0,139.0,2024-12-13,4,63444,45514,108958,2.34,2.32,0.419577069592476,0.3833500376641749,0.4014635536283255,0.0579690368076987,0.0579657830247145,0.0579674099162066
2024-12-10,139.01,135.07,O:NVDA241213C00135000,O:NVDA241213P00135000,135.0,135.0,2024-12-13,3,51587,79082,130669,2.3,2.16,0.4637633808612824,0.4494265575170518,0.4565949691891671,0.0488249289770005,0.0488253451780245,0.0488251370775125
2024-12-11,137.36,139.31,O:NVDA241213C00139000,O:NVDA241213P00139000,139.0,139.0,2024-12-13,2,76994,83093,160087,1.91,1.57,0.4260259579777717,0.4187059171438217,0.4223659375607967,0.0409863820000444,0.0409829487773263,0.0409846653886853
2024-12-12,137.08,137.34,O:NVDA241213C00137000,O:NVDA241213P00137000,137.0,137.0,2024-12-13,1,116362,77229,193591,1.57,1.17,0.4864812915563584,0.4654284407138824,0.4759548661351204,0.0285055659631851,0.0284932702655742,0.0284994181143797
2024-12-13,138.94,134.25,O:NVDA241220C00134000,O:NVDA241220P00134000,134.0,134.0,2024-12-20,7,29598,22844,52442,3.25,2.88,0.4215684539973736,0.4053589747428893,0.4134637143701315,0.0740313766991783,0.0740306776008117,0.074031027149995
2024-12-16,134.18,132.0,O:NVDA241220C00132000,O:NVDA241220P00132000,132.0,132.0,2024-12-20,4,108083,57210,165293,2.8,2.71,0.507974010014534,0.4916427625298499,0.499808386272192,0.0551079236096057,0.0551091560017985,0.0551085398057021
2024-12-17,129.09,130.39,O:NVDA241220C00130000,O:NVDA241220P00130000,130.0,130.0,2024-12-20,3,148334,59221,207555,2.82,2.34,0.5565350371718407,0.5373814846277236,0.5469582608997822,0.0469909787683927,0.0469859818827957,0.0469884803255942
2024-12-18,133.86,128.91,O:NVDA241220C00129000,O:NVDA241220P00129000,129.0,129.0,2024-12-20,2,8761,24943,33704,2.24,2.41,0.6000003946900367,0.6210156958580015,0.6105080452740191,0.0380676515019277,0.0380672951643877,0.0380674733331577
2024-12-19,131.76,130.68,O:NVDA241220C00131000,O:NVDA241220P00131000,131.0,131.0,2024-12-20,1,56946,71093,128039,1.55,1.77,0.6241612857341764,0.5874462868452073,0.6058037862896919,0.0272413704289443,0.0272319472537432,0.0272366588413438
2024-12-20,129.81,134.7,O:NVDA241227C00135000,O:NVDA241227P00135000,135.0,135.0,2024-12-27,7,106364,18897,125261,2.86,2.76,0.4037532791376113,0.3499953770279884,0.3768743280827998,0.0744131782749482,0.0744009240107213,0.0744070511428347
2024-12-23,136.28,139.67,O:NVDA241227C00140000,O:NVDA241227P00140000,140.0,140.0,2024-12-27,4,220243,18685,238928,1.91,2.25,0.3546150598406792,0.3563312587738038,0.3554731593072415,0.0582715883314314,0.0582726224033342,0.0582721053673828
2024-12-24,140.0,140.22,O:NVDA241227C00140000,O:NVDA241227P00140000,140.0,140.0,2024-12-27,3,111605,53371,164976,1.64,1.3,0.3014361379504203,0.277711538362503,0.2895738381564617,0.050586641121503,0.0505724809254143,0.0505795610234587
2024-12-26,139.7,139.93,O:NVDA241227C00140000,O:NVDA241227P00140000,140.0,140.0,2024-12-27,1,177838,54411,232249,0.94,1.0,0.3334638646125793,0.330040764760971,0.3317523146867751,0.0292138132139311,0.0292135858809289,0.02921369954743
2024-12-27,138.55,137.01,O:NVDA250103C00137000,O:NVDA250103P00137000,137.0,137.0,2025-01-03,7,34246,10780,45026,2.69,2.45,0.3547631128430367,0.3243682605981827,0.3395656867206097,0.0756689241612265,0.0756726523068816,0.075670788234054
2024-12-30,134.83,137.49,O:NVDA250103C00137000,O:NVDA250103P00137000,137.0,137.0,2025-01-03,4,66223,44620,110843,2.7,2.11,0.4269875872611999,0.4094787104606628,0.4182331488609314,0.0571209816222566,0.0571062143166229,0.0571135979694397
2024-12-31,138.03,134.29,O:NVDA250103C00134000,O:NVDA250103P00134000,134.0,134.0,2025-01-03,3,39779,55585,95364,2.13,1.85,0.4084580745458602,0.4105229490280151,0.4094905117869377,0.0484265996806304,0.0484273436255378,0.0484269716530841
2025-01-02,136.0,138.31,O:NVDA250103C00138000,O:NVDA250103P00138000,138.0,138.0,2025-01-03,1,158091,47326,205417,1.57,1.23,0.4886198349237443,0.4781788797140121,0.4833993573188782,0.0287357806433557,0.0287309980203215,0.0287333893318386
2025-01-03,140.01,144.47,O:NVDA250110C00144000,O:NVDA250110P00144000,144.0,144.0,2025-01-10,7,41451,22108,63559,3.75,3.15,0.4405455230712891,0.4241999709486961,0.4323727470099926,0.0795355341739322,0.0795293180447952,0.0795324261093637
2025-01-06,148.59,149.43,O:NVDA250110C00149000,O:NVDA250110P00149000,149.0,149.0,2025-01-10,4,67818,45230,113048,3.77,3.22,0.5698909199714661,0.5506029038310052,0.5602469119012357,0.062216529961326,0.0622131976361339,0.06221486379873
2025-01-07,153.03,140.14,O:NVDA250110C00140000,O:NVDA250110P00140000,140.0,140.0,2025-01-10,3,45458,100017,145475,2.75,2.5,0.528947827732563,0.5072237317562103,0.5180857797443866,0.0506349241057882,0.0506351328292513,0.0506350284675197
2025-01-08,142.58,140.11,O:NVDA250110C00140000,O:NVDA250110P00140000,140.0,140.0,2025-01-10,2,144808,125990,270798,1.7,1.58,0.3976030000686645,0.3951840857982635,0.396393542933464,0.0413404839350668,0.0413403574864369,0.0413404207107519
2025-01-10,137.45,135.91,O:NVDA250117C00136000,O:NVDA250117P00136000,136.0,136.0,2025-01-17,7,23682,16821,40503,3.25,3.21,0.4387211453139782,0.4214048447012901,0.4300629950076342,0.0750726324293445,0.0750749392029045,0.0750737858161245
2025-01-13,129.99,133.23,O:NVDA250117C00133000,O:NVDA250117P00133000,133.0,133.0,2025-01-17,4,58092,15115,73207,3.1,2.66,0.5367545838713645,0.4989467106461526,0.5178506472587585,0.0555448425269017,0.0555436914727855,0.0555442669998436
2025-01-14,136.05,131.76,O:NVDA250117C00132000,O:NVDA250117P00132000,132.0,132.0,2025-01-17,3,63516,35026,98542,2.43,2.53,0.5342852457523346,0.5049038771033287,0.5195945614278317,0.0476506840171404,0.0476481509559495,0.047649417486545
2025-01-15,133.65,136.24,O:NVDA250117C00136000,O:NVDA250117P00136000,136.0,136.0,2025-01-17,2,93625,21841,115466,1.98,1.67,0.4621226388931274,0.4446820667386055,0.4534023528158665,0.040138395059553,0.040134565884276,0.0401364804719145
2025-01-16,138.64,133.57,O:NVDA250117C00134000,O:NVDA250117P00134000,134.0,134.0,2025-01-17,1,35394,67788,103182,1.03,1.35,0.441400225186348,0.4016018615961075,0.4215010433912277,0.02766553322837,0.027610218415235,0.0276378758218025
2025-01-17,136.69,137.71,O:NVDA250124C00138000,O:NVDA250124P00138000,138.0,138.0,2025-01-24,7,56475,18637,75112,2.39,2.54,0.3325281624853611,0.3141211332321166,0.3233246478587389,0.0760618112218129,0.0760544081606005,0.0760581096912067
2025-01-21,139.16,140.83,O:NVDA250124C00141000,O:NVDA250124P00141000,141.0,141.0,2025-01-24,3,77441,28723,106164,1.97,2.09,0.4030119412779808,0.3931943106651306,0.3981031259715557,0.0509298263970157,0.0509288317089919,0.0509293290530038
2025-01-22,144.66,147.07,O:NVDA250124C00147000,O:NVDA250124P00147000,147.0,147.0,2025-01-24,2,151352,62898,214250,1.78,1.68,0.401842894744873,0.3949323241710663,0.3983876094579697,0.043410589946928,0.0434105573839627,0.0434105736654453
2025-01-23,145.05,147.22,O:NVDA250124C00147000,O:NVDA250124P00147000,147.0,147.0,2025-01-24,1,111237,31752,142989,1.2,0.96,0.3536820398330689,0.347149111700058,0.3504155757665634,0.0306175236613823,0.0306137765011175,0.0306156500812499
2025-01-24,148.37,142.62,O:NVDA250131C00143000,O:NVDA250131P00143000,143.0,143.0,2025-01-31,7,31400,29865,61265,2.88,3.14,0.3886776212453842,0.3734435394883156,0.38106058036685,0.0787740077505799,0.0787681871935941,0.078771097472087
2025-01-27,124.8,118.42,O:NVDA250131C00118000,O:NVDA250131P00118000,118.0,118.0,2025-01-31,4,47188,76233,123421,5.3,4.7,1.030969095146656,0.9944364803910256,1.0127027877688408,0.0492696506631076,0.0492726471075251,0.0492711488853163
2025-01-28,121.81,128.99,O:NVDA250131C00129000,O:NVDA250131P00129000,129.0,129.0,2025-01-31,3,47884,7716,55600,3.2,3.18,0.687069507098198,0.6806363538146019,0.6838529304563999,0.0466322283819225,0.0466326492402305,0.0466324388110765
2025-01-29,126.5,123.7,O:NVDA250131C00124000,O:NVDA250131P00124000,124.0,124.0,2025-01-31,2,68838,59112,127950,4.05,4.25,1.1482306491732597,1.1208533602952957,1.1345420047342776,0.0365263079253547,0.0365271286310719,0.0365267182782133
2025-01-30,123.1,124.65,O:NVDA250131C00125000,O:NVDA250131P00125000,125.0,125.0,2025-01-31,1,198212,24028,222240,1.51,2.0,0.6442550106048586,0.6981455882310867,0.6712002994179727,0.0259717824790637,0.0259844676883718,0.0259781250837178
2025-01-31,123.78,120.07,O:NVDA250207C00120000,O:NVDA250207P00120000,120.0,120.0,2025-02-07,7,36539,50282,86821,4.75,4.6,0.7112611531138422,0.6991830320954324,0.7052220926046373,0.0662347996933369,0.066237464228458,0.0662361319608975
2025-02-03,114.75,116.66,O:NVDA250207C00117000,O:NVDA250207P00117000,117.0,117.0,2025-02-07,4,61377,39730,101107,3.7,4.05,0.7929045163631439,0.7949572319030762,0.79393087413311,0.0487199226748558,0.048719859585972,0.0487198911304139
2025-02-04,116.96,118.65,O:NVDA250207C00119000,O:NVDA250207P00119000,119.0,119.0,2025-02-07,3,56154,50962,107116,2.89,3.23,0.7125625175476076,0.7102319344162942,0.7113972259819509,0.0429095163519912,0.042909369327272,0.0429094428396316
2025-02-05,121.76,124.83,O:NVDA250207C00125000,O:NVDA250207P00125000,125.0,125.0,2025-02-07,2,177649,28143,205792,2.2,2.22,0.6192125962495805,0.5785201927900314,0.598866394519806,0.0368627423368599,0.0368616067591044,0.0368621745479822
2025-02-06,127.42,128.68,O:NVDA250207C00129000,O:NVDA250207P00129000,129.0,129.0,2025-02-07,1,107163,15863,123026,1.36,1.65,0.5629967997312546,0.5518048510313034,0.557400825381279,0.0268055263790195,0.0268017399077811,0.0268036331434003
2025-02-07,129.22,129.84,O:NVDA250214C00130000,O:NVDA250214P00130000,130.0,130.0,2025-02-14,7,102149,22527,124676,3.45,3.45,0.4918119148731232,0.4695045472860337,0.4806582310795785,0.0717242081153752,0.0717267546932248,0.0717254814043
2025-02-10,130.09,133.57,O:NVDA250214C00134000,O:NVDA250214P00134000,134.0,134.0,2025-02-14,4,102165,58186,160351,2.77,3.13,0.5334348350286484,0.5208803695678712,0.5271576022982598,0.0557585976542902,0.0557551030247341,0.0557568503395121
2025-02-11,132.58,132.8,O:NVDA250214C00133000,O:NVDA250214P00133000,133.0,133.0,2025-02-14,3,75812,59886,135698,2.78,2.84,0.5990044342756273,0.5698565888404847,0.584430511558056,0.0480310707246453,0.0480308170946789,0.0480309439096621
2025-02-12,130.02,131.14,O:NVDA250214C00131000,O:NVDA250214P00131000,131.0,131.0,2025-02-14,2,71705,50611,122316,2.23,2.04,0.5579014877080917,0.5449765321254731,0.5514390099167824,0.0386851264500829,0.0386848831218061,0.0386850047859445
2025-02-13,131.555,135.29,O:NVDA250214C00135000,O:NVDA250214P00135000,135.0,135.0,2025-02-14,1,187474,85189,272663,1.47,1.16,0.4677343483448029,0.4606192214488983,0.4641767848968506,0.0281101161082242,0.0281068183729268,0.0281084672405755
2025-02-14,136.48,138.85,O:NVDA250221C00139000,O:NVDA250221P00139000,139.0,139.0,2025-02-21,7,33951,6134,40085,2.9,2.98,0.3875772369742394,0.3784519508361816,0.3830145939052105,0.076709425543969,0.0767099534860425,0.0767096895150057
2025-02-18,141.27,139.4,O:NVDA250221C00139000,O:NVDA250221P00139000,139.0,139.0,2025-02-21,3,37966,66251,104217,2.7,2.2,0.4955940611362457,0.4756841508626938,0.4856391059994698,0.0502302392304642,0.0502224582488586,0.0502263487396614
2025-02-19,139.51,139.23,O:NVDA250221C00139000,O:NVDA250221P00139000,139.0,139.0,2025-02-21,2,64801,56165,120966,2.07,1.8,0.4753766011476517,0.4656272751808166,0.4705019381642341,0.0410304117586765,0.0410287533278581,0.0410295825432673
2025-02-20,140.03,140.11,O:NVDA250221C00140000,O:NVDA250221P00140000,140.0,140.0,2025-02-21,1,200384,57816,258200,1.32,1.19,0.4322910317659378,0.425447692990303,0.4288693623781204,0.0292262299236009,0.0292257177234886,0.0292259738235448
2025-02-21,140.04,134.43,O:NVDA250228C00134000,O:NVDA250228P00134000,134.0,134.0,2025-02-28,7,5319,8001,13320,6.43,5.95,0.8383128013253212,0.8315560056090354,0.8349344034671783,0.0739973406402793,0.0739988823770154,0.0739981115086474
2025-02-24,136.56,130.28,O:NVDA250228C00130000,O:NVDA250228P00130000,130.0,130.0,2025-02-28,4,19080,38766,57846,6.71,6.4,1.2094512808799744,1.2039196774005894,1.206685479140282,0.0542339500246563,0.0542348697083296,0.054234409866493
2025-02-25,129.98,126.63,O:NVDA250228C00127000,O:NVDA250228P00127000,127.0,127.0,2025-02-28,3,25453,24959,50412,6.6,6.9,1.4800560499787332,1.464756882119179,1.4724064660489562,0.0457524486656106,0.0457543393513359,0.0457533940084732
2025-02-26,129.985,131.28,O:NVDA250228C00131000,O:NVDA250228P00131000,131.0,131.0,2025-02-28,2,43820,20133,63953,6.18,5.66,1.5602360487699514,1.498153205013275,1.5291946268916132,0.0386558499916138,0.0386603186448573,0.0386580843182355
2025-02-27,135.0,120.15,O:NVDA250228C00120000,O:NVDA250228P00120000,120.0,120.0,2025-02-28,1,26620,145982,172602,2.44,2.22,0.943018101811409,0.915082574439049,0.929050338125229,0.0250579070460723,0.0250578550336191,0.0250578810398457
2025-02-28,118.02,124.92,O:NVDA250307C00125000,O:NVDA250307P00125000,125.0,125.0,2025-03-07,7,73683,17937,91620,4.03,3.83,0.5896822805583476,0.549091618835926,0.5693869496971369,0.0689776317363594,0.0689849505594557,0.0689812911479075
2025-03-03,123.51,114.06,O:NVDA250307C00114000,O:NVDA250307P00114000,114.0,114.0,2025-03-07,4,13959,32202,46161,3.95,3.9,0.8233787593483923,0.8254804682731629,0.8244296138107776,0.0475774669662765,0.0475772456175345,0.0475773562919055
2025-03-04,110.645,115.99,O:NVDA250307C00116000,O:NVDA250307P00116000,116.0,116.0,2025-03-07,3,42962,22899,65861,3.65,3.64,0.8714380513310434,0.8666670969724657,0.8690525741517545,0.0419203046702715,0.0419206615408904,0.0419204831055809
2025-03-05,117.58,117.3,O:NVDA250307C00117000,O:NVDA250307P00117000,117.0,117.0,2025-03-07,2,70378,24594,94972,2.91,2.58,0.7971544242858886,0.7884707938432691,0.7928126090645788,0.034547973304971,0.0345475785801543,0.0345477759425627
2025-03-06,113.53,110.57,O:NVDA250307C00111000,O:NVDA250307P00111000,111.0,111.0,2025-03-07,1,50549,48878,99427,1.95,2.33,0.9330134380578994,0.911324030828476,0.9221687344431876,0.0230538064268782,0.0230506153731786,0.0230522109000284
2025-03-07,111.25,112.69,O:NVDA250314C00113000,O:NVDA250314P00113000,113.0,113.0,2025-03-14,7,33482,5144,38626,3.75,3.98,0.6262452926695345,0.6133949000120162,0.6198200963407754,0.0622541596658253,0.0622552147223155,0.0622546871940704
2025-03-10,109.9,106.98,O:NVDA250314C00107000,O:NVDA250314P00107000,107.0,107.0,2025-03-14,4,43130,49137,92267,3.8,3.79,0.8529653995513915,0.8462447230458259,0.8496050612986087,0.0446378251077881,0.0446385218504779,0.044638173479133
2025-03-11,106.99,108.76,O:NVDA250314C00109000,O:NVDA250314P00109000,109.0,109.0,2025-03-14,3,43548,36315,79863,3.15,3.34,0.8302174491167069,0.8175059902548789,0.8238617196857929,0.0393349251185209,0.0393352429195415,0.0393350840190312
2025-03-12,114.12,115.74,O:NVDA250314C00116000,O:NVDA250314P00116000,116.0,116.0,2025-03-14,2,89456,33941,123397,2.3,2.53,0.709595020413399,0.7008166217446328,0.7052058210790159,0.0341745894876349,0.0341740932096608,0.0341743413486479
2025-03-13,117.03,115.58,O:NVDA250314C00116000,O:NVDA250314P00116000,116.0,116.0,2025-03-14,1,131698,109336,241034,1.48,1.78,0.6955492964506149,0.6456454214096069,0.6705973589301109,0.0240550639151229,0.0240364530784904,0.0240457584968066
2025-03-14,118.61,121.67,O:NVDA250321C00122000,O:NVDA250321P00122000,122.0,122.0,2025-03-21,7,83117,20231,103348,3.75,4.15,0.5814587230324744,0.5918724994301796,0.586665611231327,0.0672181619503281,0.067217519409263,0.0672178406797955
2025-03-17,122.74,119.53,O:NVDA250321C00120000,O:NVDA250321P00120000,120.0,120.0,2025-03-21,4,133689,104552,238241,3.36,3.68,0.7179371276259421,0.6878845138430596,0.7029108207345008,0.0499141899899661,0.0499110034996906,0.0499125967448283
2025-03-18,118.0,115.43,O:NVDA250321C00115000,O:NVDA250321P00115000,115.0,115.0,2025-03-21,3,56461,79120,135581,3.09,2.54,0.6888118119955065,0.6599475560069084,0.6743796840012074,0.0415762404304454,0.0415712665269094,0.0415737534786774
2025-03-19,117.27,117.52,O:NVDA250321C00118000,O:NVDA250321P00118000,118.0,118.0,2025-03-21,2,109905,88523,198428,1.76,2.16,0.5725108144044877,0.5493902281522751,0.5609505212783814,0.0346074198945088,0.0345942805385052,0.034600850216507
2025-03-20,116.55,118.53,O:NVDA250321C00119000,O:NVDA250321P00119000,119.0,119.0,2025-03-21,1,136441,75766,212207,1.02,1.49,0.5003617969512939,0.5003617969512939,0.5003617969512939,0.0245163666711979,0.0245163666711979,0.0245163666711979
2025-03-21,116.94,117.7,O:NVDA250328C00118000,O:NVDA250328P00118000,118.0,118.0,2025-03-28,7,38278,10820,49098,2.37,2.59,0.3866517269015312,0.3743459833323955,0.3804988551169634,0.0650122886868448,0.0650088386377723,0.0650105636623085
2025-03-24,119.88,121.41,O:NVDA250328C00121000,O:NVDA250328P00121000,121.0,121.0,2025-03-28,4,75826,60802,136628,2.25,1.86,0.4027322856068611,0.4066971736192702,0.4047147296130657,0.0504451169330595,0.0504480457806249,0.0504465813568422
2025-03-25,120.545,120.69,O:NVDA250328C00121000,O:NVDA250328P00121000,121.0,121.0,2025-03-28,3,87533,26848,114381,1.59,1.84,0.3982645895719527,0.3844988788962364,0.3913817342340946,0.0435898846636455,0.0435823494448989,0.0435861170542722
2025-03-26,118.73,113.76,O:NVDA250328C00114000,O:NVDA250328P00114000,114.0,114.0,2025-03-28,2,70278,62140,132418,1.71,1.93,0.5434491544127464,0.5374923455715179,0.5404707499921322,0.0335770102585501,0.0335761313865865,0.0335765708225683
2025-03-27,111.35,111.43,O:NVDA250328C00111000,O:NVDA250328P00111000,111.0,111.0,2025-03-28,1,32145,98316,130461,1.54,1.09,0.5657497272968293,0.5570618054628371,0.5614057663798332,0.0230237897623226,0.0230176984349824,0.0230207440986525
2025-03-28,111.485,109.67,O:NVDA250404C00110000,O:NVDA250404P00110000,110.0,110.0,2025-04-04,7,38273,59686,97959,3.0,3.24,0.5212412040591241,0.5063869104385376,0.5138140572488308,0.0605890097353905,0.060588102612635,0.0605885561740127
2025-03-31,105.13,108.38,O:NVDA250404C00108000,O:NVDA250404P00108000,108.0,108.0,2025-04-04,4,44156,13896,58052,3.3,2.6,0.687633467447758,0.6166756687164308,0.6521545680820944,0.0451005465217841,0.0450931993943716,0.0450968729580778
2025-04-01,108.515,110.15,O:NVDA250404C00110000,O:NVDA250404P00110000,110.0,110.0,2025-04-04,3,93185,17822,111007,2.52,2.37,0.6140332444787027,0.6140332444787027,0.6140332444787027,0.0397845547577313,0.0397845547577313,0.0397845547577313
2025-04-02,107.29,110.42,O:NVDA250404C00110000,O:NVDA250404P00110000,110.0,110.0,2025-04-04,2,110149,46724,156873,2.43,2.04,0.6802333206415176,0.6894805538177491,0.6848569372296334,0.0324427291151221,0.032444923388703,0.0324438262519126
2025-04-03,103.51,101.8,O:NVDA250404C00102000,O:NVDA250404P00102000,102.0,102.0,2025-04-04,1,27718,70132,97850,1.6,1.8,0.7981121197938918,0.7981121197938918,0.7981121197938918,0.0212502255031666,0.0212502255031666,0.0212502255031666
2025-04-04,98.91,94.31,O:NVDA250411C00094000,O:NVDA250411P00094000,94.0,94.0,2025-04-11,7,14759,28371,43130,4.83,4.35,0.8989887839436534,0.8662350969076158,0.8826119404256346,0.0518993800339667,0.0519051753680277,0.0519022777009972
2025-04-07,87.46,97.64,O:NVDA250411C00098000,O:NVDA250411P00098000,98.0,98.0,2025-04-11,4,41433,14702,56135,4.5,4.25,1.1457255494594576,0.9960925998449326,1.070909074652195,0.0407600922683745,0.0407717907473663,0.0407659415078704
2025-04-08,103.805,96.3,O:NVDA250411C00096000,O:NVDA250411P00096000,96.0,96.0,2025-04-11,3,12924,24485,37409,4.48,3.95,1.2453151538133622,1.1790499915480617,1.212182572680712,0.0347068510477513,0.0347110480907758,0.0347089495692635
2025-04-09,98.89,114.33,O:NVDA250411C00114000,O:NVDA250411P00114000,114.0,114.0,2025-04-11,2,58115,9221,67336,3.02,2.8,0.8460641269922256,0.8787416418313982,0.8624028844118119,0.0336616703697092,0.0336629878333682,0.0336623291015387
2025-04-10,109.37,107.57,O:NVDA250411C00108000,O:NVDA250411P00108000,108.0,108.0,2025-04-11,1,91953,65844,157797,2.15,2.45,1.0481364487171172,0.990194082403183,1.01916526556015,0.0224393080442887,0.0224330701019533,0.022436189073121
2025-04-11,108.5,110.93,O:NVDA250417C00111000,O:NVDA250417P00111000,111.0,111.0,2025-04-17,6,23834,9721,33555,3.65,3.9,0.649419342505932,0.6811627644896507,0.6652910534977914,0.0567069684545737,0.0567021952788327,0.0567045818667032
2025-04-14,114.11,110.71,O:NVDA250417C00111000,O:NVDA250417P00111000,111.0,111.0,2025-04-17,3,44223,35623,79846,2.81,3.05,0.7365896602272988,0.7241024265646936,0.7303460433959962,0.0400409013011525,0.0400405828369021,0.0400407420690273
2025-04-15,110.97,112.2,O:NVDA250417C00112000,O:NVDA250417P00112000,112.0,112.0,2025-04-17,2,130541,74140,204681,2.02,1.81,0.5795286697626114,0.5765046693086624,0.5780166695356369,0.0330680492355586,0.0330678276084703,0.0330679384220145
2025-04-16,104.55,104.49,O:NVDA250417C00104000,O:NVDA250417P00104000,104.0,104.0,2025-04-17,1,146390,104665,251055,2.0,1.45,0.8012612858295441,0.7735124339818955,0.7873868599057199,0.0216269148522116,0.0216173204176763,0.0216221176349439
2025-04-17,104.45,101.49,O:NVDA250425C00101000,O:NVDA250425P00101000,101.0,101.0,2025-04-25,8,22332,28148,50480,3.52,3.0,0.5468561615467072,0.54182593562603,0.5443410485863687,0.0596415774482042,0.0596404844111235,0.0596410309296639
2025-04-21,98.77,96.91,O:NVDA250425C00097000,O:NVDA250425P00097000,97.0,97.0,2025-04-25,4,63917,27418,91335,2.8,2.94,0.7027191385865215,0.7150769152760508,0.7088980269312861,0.0404608903990517,0.0404600296764168,0.0404604600377342
2025-04-22,98.78,98.89,O:NVDA250425C00099000,O:NVDA250425P00099000,99.0,99.0,2025-04-25,3,66202,46236,112438,2.28,2.32,0.6524622966051101,0.6328899757862091,0.6426761361956597,0.035764437272261,0.0357649649405918,0.0357647011064264
2025-04-23,104.52,102.71,O:NVDA250425C00103000,O:NVDA250425P00103000,103.0,103.0,2025-04-25,2,50980,90025,141005,1.59,2.08,0.5699796087265016,0.6359740557193756,0.6029768322229385,0.0302996250663325,0.0303112880468685,0.0303054565566005
2025-04-24,103.475,106.43,O:NVDA250425C00106000,O:NVDA250425P00106000,106.0,106.0,2025-04-25,1,100973,59454,160427,1.55,1.14,0.596930977010727,0.6060244353294373,0.6014777061700821,0.0219912558570292,0.021996672451655,0.0219939641543421
2025-04-25,106.85,111.01,O:NVDA250502C00111000,O:NVDA250502P00111000,111.0,111.0,2025-05-02,7,61406,13724,75130,2.93,2.88,0.4770337934494019,0.4705080176353455,0.4737709055423736,0.0612939871087278,0.0612948941044926,0.0612944406066102
2025-04-28,109.69,108.73,O:NVDA250502C00109000,O:NVDA250502P00109000,109.0,109.0,2025-05-02,4,55064,27032,82096,2.48,2.69,0.5747602187156677,0.5615459518313408,0.5681530852735043,0.0454062976245246,0.0454053947883112,0.0454058462064179
2025-04-29,107.67,109.02,O:NVDA250502C00109000,O:NVDA250502P00109000,109.0,109.0,2025-05-02,3,85970,46750,132720,2.2,2.21,0.5555161893367766,0.5631276871681214,0.559321938252449,0.0394139555652951,0.0394136178023314,0.0394137866838132
2025-04-30,104.47,108.92,O:NVDA250502C00109000,O:NVDA250502P00109000,109.0,109.0,2025-05-02,2,34419,8923,43342,1.97,2.19,0.6246462129592895,0.6681730804204942,0.6464096466898919,0.0321643575185149,0.032163628921069,0.032163993219792
2025-05-01,113.08,111.61,O:NVDA250502C00112000,O:NVDA250502P00112000,112.0,112.0,2025-05-02,1,51110,67586,118696,1.17,1.58,0.580869729566574,0.589493280529976,0.5851815050482749,0.0231908028923724,0.0231951559408583,0.0231929794166154
2025-05-02,114.18,114.5,O:NVDA250509C00115000,O:NVDA250509P00115000,115.0,115.0,2025-05-09,7,74190,26670,100860,2.4,2.88,0.4168756387233734,0.4137103799700737,0.4152930093467236,0.0631897125061701,0.0631873461818864,0.0631885293440282
2025-05-05,112.905,113.82,O:NVDA250509C00114000,O:NVDA250509P00114000,114.0,114.0,2025-05-09,4,69137,40394,109531,2.31,2.4,0.5043263273477556,0.4853927086114883,0.494859517979622,0.047534562395431,0.0475340891617571,0.0475343257785941
2025-05-06,111.48,113.54,O:NVDA250509C00114000,O:NVDA250509P00114000,114.0,114.0,2025-05-09,3,48551,22634,71185,1.97,2.47,0.5328383316278458,0.5425955251455308,0.5377169283866883,0.0409923876305965,0.0409970636307859,0.0409947256306912
2025-05-07,113.045,117.06,O:NVDA250509C00117000,O:NVDA250509P00117000,117.0,117.0,2025-05-09,2,44320,6815,51135,2.07,2.01,0.5902814660787583,0.5902814660787583,0.5902814660787583,0.0345495409398721,0.0345495409398721,0.0345495409398721
2025-05-08,118.25,117.37,O:NVDA250509C00117000,O:NVDA250509P00117000,117.0,117.0,2025-05-09,1,97500,58077,155577,1.35,0.95,0.4722560443878174,0.4598925458431244,0.4660742951154709,0.0242694033801463,0.0242587135239893,0.0242640584520678
2025-05-09,117.35,116.65,O:NVDA250516C00117000,O:NVDA250516P00117000,117.0,117.0,2025-05-16,7,53728,12767,66495,2.55,2.86,0.4217052420973778,0.4154970292448997,0.4186011356711387,0.0644304752698086,0.0644287255939652,0.0644296004318869
2025-05-12,121.97,123.0,O:NVDA250516C00123000,O:NVDA250516P00123000,123.0,123.0,2025-05-16,4,60558,30096,90654,2.29,2.25,0.4458371662497521,0.438047933292389,0.4419425497710706,0.0513547343707819,0.0513552187106068,0.0513549765406944
2025-05-13,124.98,129.93,O:NVDA250516C00130000,O:NVDA250516P00130000,130.0,130.0,2025-05-16,3,299646,95469,395115,2.08,2.16,0.4499372330904008,0.4520654055953026,0.4510013193428517,0.046991841981844,0.0469917877823937,0.0469918148821188
2025-05-14,133.195,135.34,O:NVDA250516C00135000,O:NVDA250516P00135000,135.0,135.0,2025-05-16,2,275363,43656,319019,2.3,1.96,0.5325568878769875,0.5325568878769875,0.5325568878769875,0.0398281536866423,0.0398281536866423,0.0398281536866423
2025-05-15,134.295,134.83,O:NVDA250516C00135000,O:NVDA250516P00135000,135.0,135.0,2025-05-16,1,183920,67282,251202,1.31,1.37,0.4945934517145157,0.4554953001499177,0.4750443759322167,0.0281366876979843,0.0281310790164753,0.0281338833572298
2025-05-16,136.22,135.4,O:NVDA250523C00135000,O:NVDA250523P00135000,135.0,135.0,2025-05-23,7,70920,32237,103157,3.4,2.91,0.4279406337618828,0.4158710955262185,0.4219058646440506,0.0745687765218459,0.0745651252526245,0.0745669508872352
2025-05-19,132.39,135.57,O:NVDA250523C00136000,O:NVDA250523P00136000,136.0,136.0,2025-05-23,4,74949,10369,85318,2.36,2.74,0.4531128627061844,0.4442733117103577,0.448693087208271,0.0565659240401852,0.0565614726168177,0.0565636983285015
2025-05-20,134.29,134.38,O:NVDA250523C00134000,O:NVDA250523P00134000,134.0,134.0,2025-05-23,3,69281,37097,106378,2.38,1.91,0.4501800543189049,0.4315858131170273,0.4408829337179661,0.0484069986271637,0.0483975583917161,0.0484022785094399
2025-05-21,133.06,131.8,O:NVDA250523C00132000,O:NVDA250523P00132000,132.0,132.0,2025-05-23,2,25777,49758,75535,1.95,2.1,0.5259306219816209,0.5130821962118148,0.5195064090967179,0.0389145146122341,0.0389133736783078,0.0389139441452709
2025-05-22,132.23,132.83,O:NVDA250523C00133000,O:NVDA250523P00133000,133.0,133.0,2025-05-23,1,88497,55205,143702,1.25,1.38,0.4803896615028382,0.465957712316513,0.4731736869096756,0.0277166910407956,0.0277145652263326,0.0277156281335641
2025-05-23,130.0,131.29,O:NVDA250530C00131000,O:NVDA250530P00131000,131.0,131.0,2025-05-30,7,13231,9232,22463,5.3,5.0,0.7115915902495384,0.7102094046115877,0.710900497430563,0.0723481786964287,0.0723484485679763,0.0723483136322025
2025-05-27,134.15,135.5,O:NVDA250530C00135000,O:NVDA250530P00135000,135.0,135.0,2025-05-30,3,74142,24386,98528,4.96,4.4,0.9622936013936996,0.9500052021980288,0.9561494017958642,0.0488267359274196,0.0488267733155369,0.0488267546214783
2025-05-28,136.025,134.81,O:NVDA250530C00135000,O:NVDA250530P00135000,135.0,135.0,2025-05-30,2,68411,67368,135779,4.55,4.63,1.166154718089104,1.138514581489563,1.1523346497893334,0.0397964417246873,0.0397979178056566,0.039797179765172
2025-05-29,142.245,139.19,O:NVDA250530C00139000,O:NVDA250530P00139000,139.0,139.0,2025-05-30,1,57843,99045,156888,1.56,1.33,0.5037241020917893,0.4899322854518891,0.4968281937718392,0.0290037716295516,0.029001685531598,0.0290027285805748
2025-05-30,138.715,135.13,O:NVDA250606C00135000,O:NVDA250606P00135000,135.0,135.0,2025-06-06,7,52944,52299,105243,2.85,2.85,0.3732010758757591,0.3906316347837448,0.381916355329752,0.0745821860083681,0.0745809340345346,0.0745815600214514
2025-06-02,135.49,137.38,O:NVDA250606C00137000,O:NVDA250606P00137000,137.0,137.0,2025-06-06,4,122520,52940,175460,2.49,1.99,0.400587662768364,0.3795909576296806,0.3900893101990223,0.0571574495214204,0.0571445587884253,0.0571510041549229
2025-06-03,138.78,141.22,O:NVDA250606C00141000,O:NVDA250606P00141000,141.0,141.0,2025-06-06,3,76809,59985,136794,2.5,1.66,0.4680104278564453,0.3463970453619958,0.4072037366092205,0.0509907033418487,0.0509674836575408,0.0509790934996947
2025-06-04,142.19,141.92,O:NVDA250606C00142000,O:NVDA250606P00142000,142.0,142.0,2025-06-06,2,94206,29407,123613,1.6,1.64,0.3911398070454598,0.3815953950166703,0.386367601031065,0.0419099201794661,0.0419097298158829,0.0419098249976745
2025-06-05,142.17,139.99,O:NVDA250606C00140000,O:NVDA250606P00140000,140.0,140.0,2025-06-06,1,75610,103296,178906,1.41,1.41,0.4840502183437347,0.4806285489559173,0.482339383649826,0.0292307247770787,0.0292307561599832,0.0292307404685309
2025-06-06,142.51,141.72,O:NVDA250613C00142000,O:NVDA250613P00142000,142.0,142.0,2025-06-13,7,44667,21626,66293,2.61,2.84,0.3506260327517986,0.3442391907334329,0.3474326117426157,0.0782862697927083,0.0782846804167938,0.078285475104751
2025-06-09,143.19,142.63,O:NVDA250613C00143000,O:NVDA250613P00143000,143.0,143.0,2025-06-13,4,68059,42768,110827,2.18,2.51,0.3957737944960593,0.3890524027585983,0.3924130986273288,0.059514778349979,0.0595111533807332,0.0595129658653561
2025-06-10,142.69,143.96,O:NVDA250613C00144000,O:NVDA250613P00144000,144.0,144.0,2025-06-13,3,46194,11628,57822,1.99,1.97,0.3859919254779815,0.3744677515625954,0.3802298385202884,0.0520650466118462,0.0520654128522663,0.0520652297320562
2025-06-11,144.61,142.83,O:NVDA250613C00143000,O:NVDA250613P00143000,143.0,143.0,2025-06-13,2,62648,51751,114399,1.5,1.6,0.3752223212122917,0.3586189279913903,0.366920624601841,0.0421615155590819,0.0421582044610592,0.0421598600100706
2025-06-12,141.97,145.0,O:NVDA250613C00145000,O:NVDA250613P00145000,145.0,145.0,2025-06-13,1,158239,44147,202386,0.93,0.89,0.3071540593385696,0.2939430109977722,0.3005485351681709,0.0302773320677665,0.0302774144089749,0.0302773732383707
2025-06-13,142.48,141.97,O:NVDA250620C00142000,O:NVDA250620P00142000,142.0,142.0,2025-06-20,7,36471,19878,56349,2.61,2.54,0.3346636661171913,0.3219121542692185,0.3282879101932049,0.078421293043147,0.0784228011818892,0.0784220471125181
2025-06-16,143.345,144.69,O:NVDA250620C00145000,O:NVDA250620P00145000,145.0,145.0,2025-06-20,4,169812,64519,234331,1.66,1.93,0.2993548131346703,0.2927256863117218,0.296040249723196,0.0603435363224093,0.0603374150367958,0.0603404756796025
2025-06-17,144.49,144.12,O:NVDA250620C00144000,O:NVDA250620P00144000,144.0,144.0,2025-06-20,3,32716,55054,87770,1.78,1.64,0.3299960627675056,0.3261556251049042,0.3280758439362049,0.0520775693239052,0.0520772259774008,0.052077397650653
2025-06-18,144.005,145.48,O:NVDA250620C00145000,O:NVDA250620P00145000,145.0,145.0,2025-06-20,2,130789,91020,221809,1.27,0.78,0.2359359161972999,0.2335617039203643,0.2347488100588322,0.0421281137011227,0.042112736025697,0.0421204248634099
2025-06-20,145.45,143.85,O:NVDA250627C00144000,O:NVDA250627P00144000,144.0,144.0,2025-06-27,7,36270,18341,54611,2.3,2.32,0.2986124024271964,0.2822543337464333,0.2904333680868148,0.0794727190094884,0.0794715190177023,0.0794721190135954
2025-06-23,142.5,144.17,O:NVDA250627C00144000,O:NVDA250627P00144000,144.0,144.0,2025-06-27,4,64268,34625,98893,1.95,1.65,0.3097406954884529,0.2881186988651752,0.2989296971768141,0.0601267513041423,0.060121617756207,0.0601241845301746
2025-06-24,145.56,147.9,O:NVDA250627C00148000,O:NVDA250627P00148000,148.0,148.0,2025-06-27,3,99125,21018,120143,1.58,1.66,0.3045313039779663,0.3007924292445182,0.3026618666112423,0.0534893942434844,0.0534891176511021,0.0534892559472933
2025-06-25,149.27,154.31,O:NVDA250627C00155000,O:NVDA250627P00155000,155.0,155.0,2025-06-27,2,460819,49140,509959,1.46,2.03,0.3905890784859657,0.3639738691926003,0.377281473839283,0.0451258549616313,0.0450451010875966,0.045085478024614
2025-06-26,155.975,155.02,O:NVDA250627C00155000,O:NVDA250627P00155000,155.0,155.0,2025-06-27,1,279750,138440,418190,1.05,0.95,0.321293478679657,0.296576852452755,0.308935165566206,0.0323664608817914,0.0323664647700713,0.0323664628259314
2025-06-27,156.04,157.75,O:NVDA250703C00157500,O:NVDA250703P00157500,157.5,157.5,2025-07-03,6,117420,44568,161988,2.71,2.39,0.3204080215930939,0.3117172388315201,0.3160626302123069,0.0805469176958346,0.0805444328794309,0.0805456752876328
2025-06-30,158.4,157.99,O:NVDA250703C00157500,O:NVDA250703P00157500,157.5,157.5,2025-07-03,3,114516,66635,181151,2.17,1.7,0.3356703550100327,0.3391946601748467,0.3374325075924397,0.0567500961059046,0.0567560693655258,0.0567530827357152
2025-07-01,156.29,153.3,O:NVDA250703C00152500,O:NVDA250703P00152500,152.5,152.5,2025-07-03,2,77296,107361,184657,2.03,1.17,0.3539720663666725,0.3404044749259949,0.3471882706463337,0.0442576947961044,0.0441862985966948,0.0442219966963996
2025-07-02,152.98,157.25,O:NVDA250703C00157500,O:NVDA250703P00157500,157.5,157.5,2025-07-03,1,239649,53996,293645,0.89,1.09,0.3073700593709945,0.2920762557506561,0.2997231575608253,0.0327015343440801,0.0326845101657184,0.0326930222548993
2025-07-03,158.37,159.34,O:NVDA250711C00160000,O:NVDA250711P00160000,160.0,160.0,2025-07-11,8,123832,40990,164822,2.49,3.1,0.2977480446815491,0.2924209975242615,0.2950845211029053,0.0938676874613094,0.0938533237916935,0.0938605056265015
2025-07-07,158.2,158.24,O:NVDA250711C00157500,O:NVDA250711P00157500,157.5,157.5,2025-07-11,4,46272,55039,101311,2.77,1.87,0.3612645707726478,0.3367921962380409,0.3490283835053444,0.0654151864203143,0.065341086516153,0.0653781364682337
2025-07-08,159.33,160.0,O:NVDA250711C00160000,O:NVDA250711P00160000,160.0,160.0,2025-07-11,3,248342,61557,309899,1.87,1.8,0.3231566577672958,0.3110588678717614,0.3171077628195286,0.0578625604594638,0.057863016581096,0.0578627885202799
2025-07-09,161.22,162.88,O:NVDA250711C00162500,O:NVDA250711P00162500,162.5,162.5,2025-07-11,2,140631,140474,281105,1.66,1.24,0.3043414099097252,0.295969262957573,0.3001553364336491,0.0477834416281055,0.0477688732158565,0.047776157421981
2025-07-10,164.32,164.1,O:NVDA250711C00165000,O:NVDA250711P00165000,165.0,165.0,2025-07-11,1,309799,51241,361040,0.66,1.49,0.3053402312517166,0.2836415260076523,0.2944908786296845,0.0324051931432676,0.03210529410999,0.0322552436266288
2025-07-11,163.715,164.92,O:NVDA250718C00165000,O:NVDA250718P00165000,165.0,165.0,2025-07-18,7,93054,92591,185645,2.79,2.75,0.3105281658053398,0.2973571704506874,0.3039426681280136,0.0911094195179733,0.0911106436351993,0.0911100315765863
2025-07-14,165.37,164.07,O:NVDA250718C00165000,O:NVDA250718P00165000,165.0,165.0,2025-07-18,4,194365,56847,251212,1.91,2.7,0.341388276398182,0.3207379223048687,0.3310630993515254,0.0678498796351206,0.0677384511942947,0.0677941654147077
2025-07-15,171.19,170.7,O:NVDA250718C00170000,O:NVDA250718P00170000,170.0,170.0,2025-07-18,3,177540,177473,355013,2.62,1.9,0.3656453661322595,0.3623735378265381,0.3640094519793988,0.061132071885195,0.0611237023708187,0.0611278871280069
2025-07-16,171.06,171.37,O:NVDA250718C00172500,O:NVDA250718P00172500,172.5,172.5,2025-07-18,2,190044,20847,210891,1.21,2.29,0.3380023686051369,0.3277970823049545,0.3328997254550457,0.0490482186182708,0.0489415574242531,0.0489948880212619
2025-07-17,172.02,173.0,O:NVDA250718C00172500,O:NVDA250718P00172500,172.5,172.5,2025-07-18,1,196908,119376,316284,1.34,0.69,0.2970363889455795,0.2546038262844086,0.2758201076149941,0.0354521570112228,0.035231304148193,0.0353417305797079
2025-07-18,173.64,172.41,O:NVDA250725C00172500,O:NVDA250725P00172500,172.5,172.5,2025-07-25,7,63938,58761,122699,2.85,2.86,0.3038496879816055,0.295450719833374,0.2996502039074897,0.0952486671330462,0.0952493940497935,0.0952490305914199
2025-07-21,172.75,171.38,O:NVDA250725C00172500,O:NVDA250725P00172500,172.5,172.5,2025-07-25,4,100990,50052,151042,2.05,2.95,0.3581005636751652,0.3269472080051899,0.3425238858401775,0.0707189172395031,0.0705081499852355,0.0706135336123693
2025-07-22,171.34,167.03,O:NVDA250725C00167500,O:NVDA250725P00167500,167.5,167.5,2025-07-25,3,130268,101043,231311,2.23,2.6,0.4063041536927222,0.3897211445808411,0.3980126491367817,0.0603103221839295,0.0602958908195861,0.0603031065017578
2025-07-23,169.53,170.78,O:NVDA250725C00170000,O:NVDA250725P00170000,170.0,170.0,2025-07-25,2,211115,77233,288348,2.5,1.6,0.4147485390663147,0.3906141116023064,0.4026813253343105,0.049755674797479,0.0496859264081082,0.0497208006027936
2025-07-24,172.44,173.74,O:NVDA250725C00172500,O:NVDA250725P00172500,172.5,172.5,2025-07-25,1,164046,96353,260399,1.88,0.56,0.3197028029441833,0.2952647595405579,0.3074837812423706,0.0329844337400855,0.0324678246571888,0.0327261291986371
2025-07-25,173.61,173.5,O:NVDA250801C00172500,O:NVDA250801P00172500,172.5,172.5,2025-08-01,7,25134,47165,72299,3.45,2.31,0.3058273041725158,0.2910323747992516,0.2984298394858837,0.0946705010588447,0.0945806215407562,0.0946255612998004
2025-07-28,174.02,176.75,O:NVDA250801C00177500,O:NVDA250801P00177500,177.5,177.5,2025-08-01,4,110962,9393,120355,2.24,2.87,0.3512005427718163,0.3348626793920993,0.3430316110819578,0.0734714851800181,0.073423920586207,0.0734477028831126
2025-07-29,177.96,175.51,O:NVDA250801C00175000,O:NVDA250801P00175000,175.0,175.0,2025-08-01,3,64612,99601,164213,2.9,2.25,0.4160706452250481,0.3939106154084205,0.4049906303167343,0.0631865423458121,0.0631659597747692,0.0631762510602906
2025-07-30,176.51,179.27,O:NVDA250801C00180000,O:NVDA250801P00180000,180.0,180.0,2025-08-01,2,538420,63882,602302,2.09,2.71,0.4595349298954011,0.4386405029177667,0.4490877164065839,0.0526631350762666,0.0526271685808414,0.052645151828554
2025-07-31,182.9,177.87,O:NVDA250801C00177500,O:NVDA250801P00177500,177.5,177.5,2025-08-01,1,120608,115201,235809,1.95,1.47,0.4740405479669571,0.4442804640293122,0.4591605059981346,0.0369701618782394,0.0369524861077502,0.0369613239929948
2025-08-01,174.09,173.72,O:NVDA250808C00172500,O:NVDA250808P00172500,172.5,172.5,2025-08-08,7,35669,44202,79871,4.53,3.2,0.4067504583954811,0.395151185131073,0.400950821763277,0.0948551034805684,0.0948130023169375,0.0948340528987529
2025-08-04,175.16,180.0,O:NVDA250808C00180000,O:NVDA250808P00180000,180.0,180.0,2025-08-08,4,165322,29819,195141,2.96,2.9,0.3937824100911616,0.3857991704821586,0.3897907902866601,0.0751577694843169,0.0751584102416832,0.075158089863
2025-08-05,179.62,178.26,O:NVDA250808C00177500,O:NVDA250808P00177500,177.5,177.5,2025-08-08,3,76129,79235,155364,3.25,2.34,0.443627814924717,0.4201685663700104,0.4318981906473637,0.063960526878077,0.063920445455515,0.063940486166796
2025-08-06,176.325,179.42,O:NVDA250808C00180000,O:NVDA250808P00180000,180.0,180.0,2025-08-08,2,201288,32747,234035,1.71,2.21,0.37433507604599,0.3591524909853935,0.3667437835156917,0.0527063319526948,0.0526758776824743,0.0526911048175845
2025-08-07,181.57,180.77,O:NVDA250808C00180000,O:NVDA250808P00180000,180.0,180.0,2025-08-08,1,187856,154759,342615,1.84,0.98,0.3775089175820351,0.3530104370832444,0.3652596773326397,0.0367966273215056,0.0366737496460044,0.036735188483755
2025-08-08,181.55,182.7,O:NVDA250815C00182500,O:NVDA250815P00182500,182.5,182.5,2025-08-15,7,59154,29350,88504,3.32,2.91,0.3191129154384137,0.2982850050270557,0.3086989602327347,0.1008263284687081,0.1008249609592501,0.1008256447139791
2025-08-11,182.05,182.06,O:NVDA250815C00182500,O:NVDA250815P00182500,182.5,182.5,2025-08-15,4,79447,66765,146212,2.6,2.86,0.3697432872772217,0.3460447936534881,0.3578940404653549,0.0759637633600449,0.0759446053972605,0.0759541843786527
2025-08-12,182.96,183.16,O:NVDA250815C00182500,O:NVDA250815P00182500,182.5,182.5,2025-08-15,3,142095,52242,194337,2.58,1.85,0.3379301301836968,0.3272670954704285,0.3325986128270626,0.0656606544403332,0.0656309531040675,0.0656458037722003
2025-08-13,182.615,181.59,O:NVDA250815C00182500,O:NVDA250815P00182500,182.5,182.5,2025-08-15,2,213703,52582,266285,1.49,2.3,0.3554093248605729,0.336448169696331,0.345928747278452,0.0527933215875206,0.0526834703910087,0.0527383959892646
2025-08-14,179.75,182.02,O:NVDA250815C00182500,O:NVDA250815P00182500,182.5,182.5,2025-08-15,1,245743,81181,326924,0.96,1.42,0.3112473314762115,0.3059217147827148,0.3085845231294631,0.0375634612391517,0.0375462700914101,0.0375548656652809
2025-08-15,181.88,180.45,O:NVDA250822C00180000,O:NVDA250822P00180000,180.0,180.0,2025-08-22,7,84382,46909,131291,3.6,3.0,0.3385092892110347,0.3234180750250817,0.3309636821180582,0.099401289215009,0.0993902048575393,0.0993957470362742
2025-08-18,180.6,182.01,O:NVDA250822C00182500,O:NVDA250822P00182500,182.5,182.5,2025-08-22,4,136527,39148,175675,2.32,2.7,0.3360243947982788,0.3215262866616248,0.3287753407299518,0.0758816990771873,0.075862254465043,0.0758719767711152
2025-08-19,182.43,175.64,O:NVDA250822C00175000,O:NVDA250822P00175000,175.0,175.0,2025-08-22,3,54161,96505,150666,3.02,2.25,0.4239178119659423,0.4033151996016502,0.4136165057837963,0.0631125456551726,0.0630838273193603,0.0630981864872664
2025-08-20,175.165,175.4,O:NVDA250822C00175000,O:NVDA250822P00175000,175.0,175.0,2025-08-22,2,204714,50821,255535,2.5,2.02,0.4434922784805298,0.4279892695307731,0.4357407740056515,0.0516064140982061,0.0515976873669319,0.051602050732569
2025-08-21,174.85,174.98,O:NVDA250822C00175000,O:NVDA250822P00175000,175.0,175.0,2025-08-22,1,145388,90022,235410,1.65,1.59,0.4542933529496192,0.4323983165502548,0.443345834749937,0.0365376954882945,0.036537894591981,0.0365377950401378
2025-08-22,172.61,177.99,O:NVDA250829C00177500,O:NVDA250829P00177500,177.5,177.5,2025-08-29,7,33453,12693,46146,6.52,5.88,0.6389027515232563,0.6236055505514144,0.6312541510373353,0.0980559270388772,0.0980581031422354,0.0980570150905563
2025-08-25,178.35,179.81,O:NVDA250829C00180000,O:NVDA250829P00180000,180.0,180.0,2025-08-29,4,62858,34690,97548,6.01,6.0,0.8127300292730331,0.7860854954719545,0.7994077623724938,0.0750603141896269,0.0750642958305846,0.0750623050101057
2025-08-26,180.055,181.77,O:NVDA250829C00182500,O:NVDA250829P00182500,182.5,182.5,2025-08-29,3,40336,9867,50203,5.6,6.22,0.9046834602952004,0.8879509677171706,0.8963172140061855,0.065740508486223,0.0657395482414258,0.0657400283638244
2025-08-27,181.98,181.6,O:NVDA250829C00182500,O:NVDA250829P00182500,182.5,182.5,2025-08-29,2,73004,23471,96475,5.55,6.4,1.1143626308441164,1.1050374373912812,1.1097000341176988,0.0536189917743609,0.0536181197742714,0.0536185557743162
2025-08-28,180.82,180.17,O:NVDA250829C00180000,O:NVDA250829P00180000,180.0,180.0,2025-08-29,1,297179,202510,499689,1.59,1.4,0.3998173580169678,0.3944931717872619,0.3971552649021148,0.0375643180058831,0.0375633338852124,0.0375638259455477
2025-08-29,178.11,174.18,O:NVDA250905C00175000,O:NVDA250905P00175000,175.0,175.0,2025-09-05,7,112576,51736,164312,2.72,3.45,0.3227452206194401,0.3133590536475181,0.3180521371334791,0.0959013088388485,0.0958704911367841,0.0958858999878163
2025-09-02,170.0,170.78,O:NVDA250905C00170000,O:NVDA250905P00170000,170.0,170.0,2025-09-05,3,145115,100572,245687,3.15,2.25,0.4450275237441063,0.4254201565623283,0.4352238401532173,0.061218599336698,0.0611825230919752,0.0612005612143366
2025-09-03,171.06,170.62,O:NVDA250905C00170000,O:NVDA250905P00170000,170.0,170.0,2025-09-05,2,106858,84723,191581,2.37,1.67,0.4066345908284187,0.3906048135876656,0.3986197022080421,0.0499220763775339,0.0498919407265756,0.0499070085520548
2025-09-04,170.57,171.66,O:NVDA250905C00172500,O:NVDA250905P00172500,172.5,172.5,2025-09-05,1,185332,23874,209206,0.97,1.79,0.3753092218875885,0.3695659097671508,0.3724375658273697,0.0348388377057043,0.0348052143134926,0.0348220260095984
2025-09-05,168.03,167.02,O:NVDA250912C00167500,O:NVDA250912P00167500,167.5,167.5,2025-09-12,7,62460,26770,89230,2.93,3.27,0.3424532566905022,0.3272695987820625,0.3348614277362823,0.0922119188558907,0.0921981386971956,0.0922050287765431
2025-09-08,167.55,168.31,O:NVDA250912C00167500,O:NVDA250912P00167500,167.5,167.5,2025-09-12,4,33781,56314,90095,3.15,2.21,0.3887571907937527,0.3700773005723953,0.379417245683074,0.0696169278038132,0.0695676747449943,0.0695923012744037
2025-09-09,169.09,170.76,O:NVDA250912C00170000,O:NVDA250912P00170000,170.0,170.0,2025-09-12,3,171431,38241,209672,2.74,1.87,0.3798105338215829,0.3617995642304421,0.3708050490260125,0.0610988994023172,0.0610474466145552,0.0610731730084362
2025-09-10,176.64,177.33,O:NVDA250912C00177500,O:NVDA250912P00177500,177.5,177.5,2025-09-12,2,190470,93528,283998,2.0,2.19,0.3977617815494537,0.4015814774870873,0.3996716295182705,0.0523590641262963,0.0523594795724024,0.0523592718493493
2025-09-11,179.68,177.17,O:NVDA250912C00177500,O:NVDA250912P00177500,177.5,177.5,2025-09-12,1,135116,86990,222106,0.94,1.26,0.2962760974407196,0.2935560705423355,0.2949160839915276,0.0367636056826224,0.0367586984844018,0.0367611520835121
2025-09-12,177.77,177.82,O:NVDA250919C00177500,O:NVDA250919P00177500,177.5,177.5,2025-09-19,7,36803,39793,76596,3.06,2.63,0.29519216350317,0.2839714267194272,0.2895817951112986,0.0980369638726134,0.0980308223676188,0.0980338931201161
2025-09-15,175.67,177.75,O:NVDA250919C00177500,O:NVDA250919P00177500,177.5,177.5,2025-09-19,4,110785,52596,163381,2.83,2.44,0.3644185646235943,0.3455291114568711,0.3549738380402327,0.0741178883689022,0.0741135841245137,0.0741157362467079
2025-09-16,177.0,174.88,O:NVDA250919C00175000,O:NVDA250919P00175000,175.0,175.0,2025-09-19,3,76619,66223,142842,2.51,2.54,0.4061335708856582,0.3919043899416924,0.3990189804136753,0.0632505629263728,0.0632504893278439,0.0632505261271083
2025-09-17,172.64,170.29,O:NVDA250919C00170000,O:NVDA250919P00170000,170.0,170.0,2025-09-19,2,122210,169488,291698,2.46,2.04,0.4601836452245713,0.4342725817322731,0.4472281134784222,0.0501754215691729,0.0501684999345602,0.0501719607518666
2025-09-18,173.98,176.24,O:NVDA250919C00175000,O:NVDA250919P00175000,175.0,175.0,2025-09-19,1,194560,105518,300078,2.18,0.88,0.403032325387001,0.385683660531044,0.3943579929590225,0.034672485796228,0.0344944616751706,0.0345834737356993
2025-09-19,175.77,176.67,O:NVDA250926C00177500,O:NVDA250926P00177500,177.5,177.5,2025-09-26,7,50317,16325,66642,2.64,3.37,0.3104416227459907,0.3001549788177012,0.305298300781846,0.0972326063131061,0.0971937926729671,0.0972131994930366
2025-09-22,175.3,183.61,O:NVDA250926C00182500,O:NVDA250926P00182500,182.5,182.5,2025-09-26,4,244779,41229,286008,3.99,2.76,0.4455975635647774,0.4297585744321347,0.437678068998456,0.0757854389843711,0.0757388251973224,0.0757621320908467
2025-09-23,181.97,178.43,O:NVDA250926C00177500,O:NVDA250926P00177500,177.5,177.5,2025-09-26,3,46035,58650,104685,3.21,2.15,0.4225663812994957,0.402167431217432,0.4123669062584639,0.0637583703117904,0.0636977996817294,0.0637280849967599
2025-09-24,179.77,176.97,O:NVDA250926C00177500,O:NVDA250926P00177500,177.5,177.5,2025-09-26,2,98127,61990,160117,1.7,2.23,0.3732629434347153,0.3732629434347153,0.3732629434347153,0.0520286597077704,0.0520286597077704,0.0520286597077704
2025-09-25,174.48,177.69,O:NVDA250926C00177500,O:NVDA250926P00177500,177.5,177.5,2025-09-26,1,197890,104356,302246,1.48,1.28,0.3729156983494759,0.3702149827122688,0.3715653405308723,0.0370272353092837,0.0370264463543583,0.037026840831821
2025-09-26,178.17,178.19,O:NVDA251003C00177500,O:NVDA251003P00177500,177.5,177.5,2025-10-03,7,55091,22279,77370,3.5,2.68,0.3199039619147777,0.306616920185089,0.3132604410499334,0.0978546621514297,0.0978233926896251,0.0978390274205274
2025-09-29,180.425,181.85,O:NVDA251003C00182500,O:NVDA251003P00182500,182.5,182.5,2025-10-03,4,99509,50755,150264,2.4,2.9,0.3565590601325036,0.3367446333169937,0.3466518467247487,0.0757219748439122,0.0756815008285063,0.0757017378362092
2025-09-30,182.08,186.58,O:NVDA251003C00187500,O:NVDA251003P00187500,187.5,187.5,2025-10-03,3,258089,25692,283781,2.2,3.05,0.389456151163578,0.3790033946275711,0.3842297728955746,0.066984688869987,0.0669489037676119,0.0669667963187994
2025-10-01,185.24,187.24,O:NVDA251003C00187500,O:NVDA251003P00187500,187.5,187.5,2025-10-03,2,187942,72296,260238,1.86,2.05,0.3591667956233024,0.3464971778273583,0.3528319867253304,0.0552520871268139,0.0552468217227016,0.0552494544247578
2025-10-02,189.6,188.89,O:NVDA251003C00190000,O:NVDA251003P00190000,190.0,190.0,2025-10-03,1,255486,80565,336051,0.84,1.89,0.3340600103974342,0.3179705112934112,0.3260152608454227,0.0373977695306834,0.037180675953772,0.0372892227422277
2025-10-03,189.19,187.62,O:NVDA251010C00187500,O:NVDA251010P00187500,187.5,187.5,2025-10-10,7,36889,32645,69534,3.59,3.35,0.3406608855605125,0.3290760957419872,0.3348684906512499,0.1035838612439304,0.1035851054008875,0.103584483322409
2025-10-06,185.5,185.54,O:NVDA251010C00185000,O:NVDA251010P00185000,185.0,185.0,2025-10-10,4,60421,61925,122346,3.6,2.91,0.4295077068448066,0.4100741410136223,0.4197909239292144,0.0771926659659562,0.0771786561424928,0.0771856610542245
2025-10-07,186.23,185.04,O:NVDA251010C00185000,O:NVDA251010P00185000,185.0,185.0,2025-10-10,3,82450,64862,147312,2.79,2.62,0.4139567773580551,0.3945264300704002,0.4042416037142277,0.0669051069456812,0.0669060747274465,0.0669055908365639
2025-10-08,186.57,189.11,O:NVDA251010C00190000,O:NVDA251010P00190000,190.0,190.0,2025-10-10,2,220217,25873,246090,1.86,2.64,0.4068538094043731,0.3869481905221939,0.3969009999632835,0.0552949738888555,0.0552247025082307,0.0552598381985431
2025-10-09,192.225,192.57,O:NVDA251010C00192500,O:NVDA251010P00192500,192.5,192.5,2025-10-10,1,177060,133790,310850,1.68,1.57,0.4091082203388214,0.3991571989774704,0.4041327096581459,0.0401962766468171,0.0401960948959213,0.0401961857713692
2025-10-10,193.505,183.16,O:NVDA251017C00182500,O:NVDA251017P00182500,182.5,182.5,2025-10-17,7,6338,26360,32698,5.58,4.75,0.5192137004435063,0.5023510356605055,0.5107823680520059,0.1008164512732037,0.1008119415638609,0.1008141964185323
2025-10-13,187.965,188.32,O:NVDA251017C00187500,O:NVDA251017P00187500,187.5,187.5,2025-10-17,4,39772,35133,74905,4.02,3.09,0.4581556051850319,0.4440748348593712,0.4511152200222016,0.0781303950587283,0.0781109238941265,0.0781206594764274
2025-10-14,184.77,180.03,O:NVDA251017C00180000,O:NVDA251017P00180000,180.0,180.0,2025-10-17,3,49944,108252,158196,3.5,3.35,0.5353155372977259,0.5168793623447419,0.5260974498212339,0.0650882404725918,0.0650895098243169,0.0650888751484543
2025-10-15,184.8,179.83,O:NVDA251017C00180000,O:NVDA251017P00180000,180.0,180.0,2025-10-17,2,119635,108327,227962,2.75,2.77,0.533471311855316,0.5052253738403322,0.519348342847824,0.0531051911006945,0.0531045108916508,0.0531048509961727
2025-10-16,182.23,181.81,O:NVDA251017C00182500,O:NVDA251017P00182500,182.5,182.5,2025-10-17,1,160337,47893,208230,1.6,2.14,0.5061966587543488,0.4663181891918182,0.4862574239730835,0.0376467464690567,0.0375786899502754,0.037612718209666
2025-10-17,180.18,183.22,O:NVDA251024C00182500,O:NVDA251024P00182500,182.5,182.5,2025-10-24,7,43442,32232,75674,4.45,3.63,0.4039006169080734,0.3939731981992721,0.3989369075536727,0.1007359863419559,0.100725162751417,0.1007305745466864
2025-10-20,183.13,182.64,O:NVDA251024C00182500,O:NVDA251024P00182500,182.5,182.5,2025-10-24,4,45949,42797,88746,3.25,3.07,0.4170340625882148,0.4117860485553741,0.4144100555717945,0.0762171228534812,0.0762172753953349,0.076217199124408
2025-10-21,182.785,181.16,O:NVDA251024C00180000,O:NVDA251024P00180000,180.0,180.0,2025-10-24,3,45246,93643,138889,3.36,2.13,0.4197079570293427,0.4088301739394664,0.4142690654844045,0.0643760318153498,0.0643271791692177,0.0643516054922837
2025-10-22,181.14,180.28,O:NVDA251024C00180000,O:NVDA251024P00180000,180.0,180.0,2025-10-24,2,143061,95461,238522,2.33,2.07,0.4111555716395377,0.4149205523371696,0.4130380619883537,0.0531217045903616,0.053122842970498,0.0531222737804298
2025-10-23,180.42,182.16,O:NVDA251024C00182500,O:NVDA251024P00182500,182.5,182.5,2025-10-24,1,133797,45552,179349,1.29,1.57,0.3818153288245202,0.3659840284347535,0.3738996786296368,0.0379061232162382,0.037891695374685,0.0378989092954616
2025-10-24,183.835,186.26,O:NVDA251031C00187500,O:NVDA251031P00187500,187.5,187.5,2025-10-31,7,59464,10893,70357,3.6,4.68,0.4059608423829077,0.3903451844096184,0.3981530133962631,0.1024888625014876,0.1024336770352731,0.1024612697683803
2025-10-27,189.99,191.49,O:NVDA251031C00192500,O:NVDA251031P00192500,192.5,192.5,2025-10-31,4,147533,17873,165406,4.03,4.91,0.5634227203249931,0.5471365324497224,0.5552796263873577,0.0798299446057947,0.0798127405583154,0.0798213425820551
2025-10-28,193.05,201.03,O:NVDA251031C00200000,O:NVDA251031P00200000,200.0,200.0,2025-10-31,3,368220,49576,417796,5.2,4.05,0.6436087985873222,0.6269893126487731,0.6352990556180477,0.0722107645436857,0.0721973014319903,0.072204032987838
2025-10-29,207.98,207.04,O:NVDA251031C00207500,O:NVDA251031P00207500,207.5,207.5,2025-10-31,2,120191,50048,170239,4.85,5.1,0.8295326145768165,0.7951850332617758,0.8123588239192961,0.0611401449059552,0.061138957555414,0.0611395512306846
2025-10-30,205.15,202.89,O:NVDA251031C00202500,O:NVDA251031P00202500,202.5,202.5,2025-10-31,1,62464,70280,132744,2.25,1.8,0.4841360461711883,0.4699172360897065,0.4770266411304474,0.0422007090287699,0.0421934328922073,0.0421970709604886
2025-10-31,206.45,202.49,O:NVDA251107C00202500,O:NVDA251107P00202500,202.5,202.5,2025-11-07 00:00:00,7,16177,28555,44732,4.5,4.4,0.4027392591178418,0.3929030324757099,0.3978211457967758,0.111829895557219,0.1118319914221444,0.1118309434896817
2025-11-03,208.08,206.88,O:NVDA251107C00207500,O:NVDA251107P00207500,207.5,207.5,2025-11-07 00:00:00,4,52837,60488,113325,3.7,4.2,0.4625902217447758,0.4486907627046108,0.4556404922246933,0.0863386912852934,0.0863298188804145,0.086334255082854
2025-11-04,203.0,198.69,O:NVDA251107C00197500,O:NVDA251107P00197500,197.5,197.5,2025-11-07 00:00:00,3,7666,44137,51803,4.3,3.1,0.5128919445276261,0.511484189349413,0.5121880669385195,0.0710320166837996,0.0710288544932373,0.0710304355885184
2025-11-05,198.77,195.21,O:NVDA251107C00195000,O:NVDA251107P00195000,195.0,195.0,2025-11-07 00:00:00,2,14644,72757,87401,3.03,2.71,0.5074883675575257,0.4883852388620377,0.4979368032097817,0.0575827090345927,0.0575815741643923,0.0575821415994925
2025-11-06,196.42,188.08,O:NVDA251107C00187500,O:NVDA251107P00187500,187.5,187.5,2025-11-07 00:00:00,1,27017,232920,259937,2.61,1.92,0.5887011612057687,0.5604981371045112,0.57459964915514,0.0390123814674201,0.0389926018881383,0.0390024916777792
2025-11-07,184.9,188.15,O:NVDA251114C00187500,O:NVDA251114P00187500,187.5,187.5,2025-11-14 00:00:00,7,50433,13855,64288,5.26,4.4,0.4750061110258102,0.4547289291739465,0.4648675200998783,0.1035689317961885,0.1035605457691861,0.1035647387826873
2025-11-10,195.11,199.05,O:NVDA251114C00200000,O:NVDA251114P00200000,200.0,200.0,2025-11-14 00:00:00,4,224689,18951,243640,3.46,4.39,0.4700797725379467,0.4676674741625786,0.4688736233502626,0.0829135361828533,0.0829097791588977,0.0829116576708755
2025-11-11,195.155,193.16,O:NVDA251114C00192500,O:NVDA251114P00192500,192.5,192.5,2025-11-14 00:00:00,3,63124,79572,142696,3.7,2.9,0.4817646948218346,0.4616219765663147,0.4716933356940747,0.0695122199606363,0.0694945462954718,0.0695033831280541
2025-11-12,195.72,193.8,O:NVDA251114C00195000,O:NVDA251114P00195000,195.0,195.0,2025-11-14 00:00:00,2,213004,33788,246792,1.94,3.0,0.4344860784530641,0.4096153197526931,0.4220506991028786,0.0563530755616948,0.0562241653522789,0.0562886204569869
2025-11-13,191.05,186.86,O:NVDA251114C00187500,O:NVDA251114P00187500,187.5,187.5,2025-11-14 00:00:00,1,148547,117229,265776,1.9,2.39,0.5642198462724686,0.5255615623235703,0.5448907042980194,0.0388207952975078,0.0387816918492655,0.0388012435733867
2025-11-14,182.86,190.17,O:NVDA251121C00190000,O:NVDA251121P00190000,190.0,190.0,2025-11-21 00:00:00,7,64837,16117,80954,7.5,7.15,0.7063267682671548,0.6891658517837526,0.6977463100254537,0.1048872971169685,0.1048930977425839,0.1048901974297762
2025-11-17,185.965,186.6,O:NVDA251121C00187500,O:NVDA251121P00187500,187.5,187.5,2025-11-21 00:00:00,4,38068,23626,61694,6.45,7.33,0.8823968344330788,0.879830403584242,0.8811136190086604,0.077928749349619,0.0779286145057029,0.0779286819276609
2025-11-18,183.375,181.36,O:NVDA251121C00182500,O:NVDA251121P00182500,182.5,182.5,2025-11-21 00:00:00,3,29641,18971,48612,6.44,7.5,1.063512146389484,1.051314224028587,1.0574131852090356,0.0655850145365802,0.0655835201038255,0.0655842673202029
2025-11-19,184.79,186.52,O:NVDA251121C00187500,O:NVDA251121P00187500,187.5,187.5,2025-11-21 00:00:00,2,51331,17148,68479,6.4,7.06,1.246034319484234,1.1879331716895103,1.2169837455868722,0.0550781303622818,0.0550745571306501,0.0550763437464659
2025-11-20,195.95,180.64,O:NVDA251121C00180000,O:NVDA251121P00180000,180.0,180.0,2025-11-21 00:00:00,1,145988,132457,278445,3.44,2.62,0.8258867199897767,0.777901096892357,0.8018939084410668,0.0375181667239856,0.0375030763639052,0.0375106215439454
2025-11-21,181.235,178.88,O:NVDA251128C00180000,O:NVDA251128P00180000,180.0,180.0,2025-11-28 00:00:00,7,65716,50940,116656,4.6,5.55,0.5186520645976067,0.5014260620117188,0.5100390633046628,0.0986983550876987,0.098676469959332,0.0986874125235154
2025-11-24,179.49,182.55,O:NVDA251128C00182500,O:NVDA251128P00182500,182.5,182.5,2025-11-28 00:00:00,4,97309,23314,120623,3.2,2.92,0.4165369764208794,0.3863570513606071,0.4014470138907433,0.0762086364720997,0.0762109220258142,0.076209779248957
2025-11-25,174.91,177.82,O:NVDA251128C00177500,O:NVDA251128P00177500,177.5,177.5,2025-11-28 00:00:00,3,128581,20241,148822,2.98,2.56,0.4384481055378915,0.4228658846557139,0.4306569950968027,0.064177396606998,0.0641733363578086,0.0641753664824033
2025-11-26,181.63,180.26,O:NVDA251128C00180000,O:NVDA251128P00180000,180.0,180.0,2025-11-28 00:00:00,2,180290,154482,334772,1.73,1.49,0.3001573033213615,0.3039255025625229,0.3020414029419421,0.0530788308997217,0.053081508326429,0.0530801696130753
2025-11-28,179.01,177.0,O:NVDA251205C00177500,O:NVDA251205P00177500,177.5,177.5,2025-12-05 00:00:00,7,27842,19654,47496,3.57,3.95,0.389604740589857,0.3773290367603302,0.3834668886750936,0.0977567752256593,0.0977501469914857,0.0977534611085725
2025-12-01,174.76,179.92,O:NVDA251205C00180000,O:NVDA251205P00180000,180.0,180.0,2025-12-05 00:00:00,4,152156,33135,185291,3.29,3.15,0.4430917486190796,0.4138108700513839,0.4284513093352318,0.0751333678848569,0.0751354447477403,0.0751344063162986
2025-12-02,181.76,181.46,O:NVDA251205C00182500,O:NVDA251205P00182500,182.5,182.5,2025-12-05 00:00:00,3,107732,70506,178238,2.23,3.25,0.4130398500680923,0.4099647105336189,0.4115022803008556,0.0650447431315037,0.0650335063805765,0.0650391247560401
2025-12-03,181.08,179.59,O:NVDA251205C00180000,O:NVDA251205P00180000,180.0,180.0,2025-12-05 00:00:00,2,89550,80271,169821,2.12,2.5,0.436824886751175,0.4311598925232888,0.4339923896372319,0.0529564933803394,0.0529531885819019,0.0529548409811207
2025-12-04,181.62,183.38,O:NVDA251205C00182500,O:NVDA251205P00182500,182.5,182.5,2025-12-05 00:00:00,1,178494,76777,255271,1.98,1.01,0.3924282973051071,0.3681687042593956,0.3802985007822513,0.037165426612516,0.0370271875929555,0.0370963071027357
2025-12-05,183.89,182.41,O:NVDA251212C00182500,O:NVDA251212P00182500,182.5,182.5,2025-12-12 00:00:00,7,35614,15488,51102,3.7,3.65,0.3715449564218521,0.3576512192368508,0.3645980878293514,0.1007638449093601,0.1007659254641292,0.1007648851867447
2025-12-08,182.64,185.55,O:NVDA251212C00185000,O:NVDA251212P00185000,185.0,185.0,2025-12-12 00:00:00,4,185175,54343,239518,3.77,3.08,0.4508366371989249,0.4327012172579766,0.4417689272284508,0.0772022499449896,0.0771908757227004,0.077196562833845
2025-12-09,185.56,184.97,O:NVDA251212C00185000,O:NVDA251212P00185000,185.0,185.0,2025-12-12 00:00:00,3,122079,35212,157291,2.9,2.84,0.4357148468494416,0.4222602620482445,0.428987554448843,0.0668917264029608,0.0668924832432289,0.0668921048230949
2025-12-10,184.965,183.78,O:NVDA251212C00185000,O:NVDA251212P00185000,185.0,185.0,2025-12-12 00:00:00,2,166303,30966,197269,1.78,2.95,0.4296722101807594,0.4202833610892297,0.4249777856349945,0.0532796875446097,0.0532279213686588,0.0532538044566343
2025-12-11,180.275,180.93,O:NVDA251212C00180000,O:NVDA251212P00180000,180.0,180.0,2025-12-12 00:00:00,1,219489,75954,295443,2.14,1.12,0.4333603034496308,0.4088131871819495,0.4210867453157901,0.0367213955323444,0.036604617223902,0.0366630063781232
2025-12-12,181.11,175.02,O:NVDA251219C00175000,O:NVDA251219P00175000,175.0,175.0,2025-12-19 00:00:00,7,22538,35348,57886,3.9,3.75,0.4023734180033207,0.3889231245934963,0.3956482712984085,0.0966509312729077,0.0966533829976011,0.0966521571352544
2025-12-15,177.936,176.29,O:NVDA251219C00176000,O:NVDA251219P00176000,176.0,176.0,2025-12-19 00:00:00,4,11193,23513,34706,3.2,2.79,0.4150206848025322,0.3986924770534038,0.406856580927968,0.0734935983496816,0.0734905253991967,0.0734920618744392
2025-12-16,176.26,177.72,O:NVDA251219C00177500,O:NVDA251219P00177500,177.5,177.5,2025-12-19 00:00:00,3,23917,5900,29817,2.68,2.54,0.3998634904742241,0.4123264062523841,0.4060949483633041,0.0641899044609463,0.0641914678852084,0.0641906861730773
2025-12-17,176.1,170.94,O:NVDA251219C00171000,O:NVDA251219P00171000,171.0,171.0,2025-12-19 00:00:00,2,25614,30677,56291,2.4,2.41,0.4812929993867875,0.4713881104826928,0.4763405549347401,0.0504787464740555,0.0504789687283188,0.0504788576011872
2025-12-18,174.53,174.14,O:NVDA251219C00174000,O:NVDA251219P00174000,174.0,174.0,2025-12-19 00:00:00,1,33717,49279,82996,1.43,1.35,0.3738451421976089,0.390366283750534,0.3821057129740715,0.0363161586866875,0.0363185432768479,0.0363173509817677
2025-12-19,176.665,180.99,O:NVDA251226C00180000,O:NVDA251226P00180000,180.0,180.0,2025-12-26 00:00:00,7,148303,32884,181187,3.39,2.29,0.2876126722991466,0.2764700745999813,0.282041373449564,0.0987579754790365,0.0986824914182782,0.0987202334486574
2025-12-22,183.92,183.69,O:NVDA251226C00182500,O:NVDA251226P00182500,182.5,182.5,2025-12-26 00:00:00,4,66107,45303,111410,2.66,1.4,0.2627617612838745,0.2533375082135201,0.2580496347486973,0.074353914076348,0.0741972823460736,0.0742755982112108
2025-12-23,182.97,189.21,O:NVDA251226C00190000,O:NVDA251226P00190000,190.0,190.0,2025-12-26 00:00:00,3,232364,38115,270479,1.18,1.89,0.2249978748202324,0.2130715617716312,0.2190347182959318,0.0671568911959055,0.0669962202839505,0.067076555739928
2025-12-24,187.94,188.61,O:NVDA251226C00187500,O:NVDA251226P00187500,187.5,187.5,2025-12-26 00:00:00,2,95986,72010,167996,1.82,0.63,0.2130374094486236,0.1975011422157287,0.2052692758321762,0.051775747516803,0.0511863096393254,0.0514810285780642
2025-12-26,189.92,190.53,O:NVDA260102C00190000,O:NVDA260102P00190000,190.0,190.0,2026-01-02 00:00:00,7,78131,44798,122929,3.11,2.48,0.269918371629715,0.2603761052966118,0.2651472384631634,0.1048067769413147,0.104786328791625,0.1047965528664698
2025-12-29,187.71,188.22,O:NVDA260102C00187500,O:NVDA260102P00187500,187.5,187.5,2026-01-02 00:00:00,4,87295,32096,119391,2.73,1.79,0.2998592304289341,0.2715832526743412,0.2857212415516377,0.0778639809741831,0.0777386642162325,0.0778013225952078
2025-12-30,188.24,187.54,O:NVDA260102C00187500,O:NVDA260102P00187500,187.5,187.5,2026-01-02 00:00:00,3,75884,40505,116389,1.75,1.58,0.2550735548317432,0.2359037307620048,0.245488642796874,0.0678147782342927,0.0678149460467141,0.0678148621405034
2025-12-31,189.57,186.5,O:NVDA260102C00187500,O:NVDA260102P00187500,187.5,187.5,2026-01-02 00:00:00,2,94199,90426,184625,0.87,1.76,0.2371700488328934,0.2162101781368255,0.2266901134848594,0.0527174841951849,0.0522230129870317,0.0524702485911083
2026-01-02,189.835,188.85,O:NVDA260109C00190000,O:NVDA260109P00190000,190.0,190.0,2026-01-09 00:00:00,7,55669,28184,83853,3.11,4.16,0.3494058471381664,0.3397698854267598,0.3445878662824631,0.1038012362045858,0.1037558998908904,0.1037785680477381
2026-01-05,191.76,188.12,O:NVDA260109C00187500,O:NVDA260109P00187500,187.5,187.5,2026-01-09 00:00:00,4,37823,43934,81757,3.76,3.02,0.4387583373725414,0.423414109903574,0.4310862236380577,0.0782123806981474,0.0781988925124796,0.0782056366053135
2026-01-06,190.52,187.24,O:NVDA260109C00187500,O:NVDA260109P00187500,187.5,187.5,2026-01-09 00:00:00,3,67334,58385,125719,2.59,2.7,0.4010997688055038,0.3789451032280921,0.390022436016798,0.0677074137059321,0.0677026833296096,0.0677050485177709
